remuestra,media_diferencias
1,0.5624999999999996
2,0.39374999999999977
3,-0.3625000000000005
4,-0.19375000000000053
5,0.7249999999999998
6,0.4749999999999997
7,0.3937499999999997
8,0.9624999999999997
9,0.07499999999999951
10,0.5499999999999998
11,0.4624999999999994
12,0.3437499999999994
13,0.3937499999999996
14,0.9624999999999997
15,0.27499999999999974
16,0.2562499999999994
17,0.7
18,-0.38750000000000057
19,0.2937499999999995
20,0.16874999999999984
21,0.48125000000000007
22,-0.006250000000000255
23,0.6187499999999999
24,0.08124999999999977
25,0.8437499999999993
26,0.725
27,0.0749999999999994
28,0.65625
29,0.7187499999999999
30,0.5749999999999997
31,0.5187499999999996
32,0.6999999999999995
33,0.8562499999999998
34,0.4375
35,0.24374999999999974
36,0.2312499999999998
37,0.66875
38,0.9312499999999995
39,0.13749999999999957
40,0.19999999999999996
41,0.37499999999999956
42,0.6124999999999998
43,0.5062499999999994
44,0.6499999999999997
45,-0.02500000000000041
46,0.3249999999999996
47,0.16249999999999976
48,0.18749999999999967
49,0.9874999999999998
50,0.4812499999999998
51,0.86875
52,-0.4875000000000003
53,0.6437499999999994
54,0.5312499999999998
55,0.5812499999999996
56,0.4062499999999996
57,0.5062499999999995
58,0.36874999999999963
59,0.05624999999999941
60,0.47499999999999987
61,0.23749999999999966
62,0.8375000000000001
63,0.6312499999999995
64,0.13124999999999976
65,0.16249999999999964
66,0.6374999999999997
67,0.4624999999999998
68,0.5374999999999996
69,0.41249999999999953
70,0.22499999999999964
71,0.40624999999999983
72,0.6562499999999997
73,0.056249999999999745
74,1.0374999999999996
75,0.54375
76,-0.13750000000000057
77,0.32499999999999973
78,0.19374999999999937
79,0.3437499999999996
80,0.4249999999999998
81,0.5499999999999998
82,0.08124999999999977
83,0.47499999999999964
84,0.4124999999999996
85,0.19999999999999957
86,0.037499999999999645
87,0.35624999999999996
88,0.20624999999999977
89,0.5062499999999998
90,0.19374999999999953
91,0.7937499999999995
92,0.9562499999999997
93,1.09375
94,0.04999999999999971
95,0.4374999999999998
96,0.44999999999999973
97,0.33749999999999963
98,0.5187499999999996
99,0.4437499999999995
100,0.8062499999999999
101,0.18124999999999947
102,0.4937499999999996
103,-0.08750000000000041
104,0.4499999999999998
105,-0.6562500000000004
106,0.2374999999999996
107,0.5874999999999997
108,0.6374999999999997
109,0.018749999999999323
110,0.8124999999999996
111,0.825
112,1.1687500000000002
113,0.23749999999999977
114,0.2874999999999996
115,0.11249999999999943
116,0.4812499999999997
117,0.36249999999999966
118,0.4437499999999997
119,0.1687499999999999
120,0.5687499999999996
121,0.29374999999999946
122,0.89375
123,0.7999999999999998
124,0.07499999999999934
125,0.5937499999999996
126,0.8124999999999998
127,0.05624999999999969
128,0.18124999999999974
129,0.6374999999999997
130,0.3249999999999996
131,0.024999999999999634
132,0.47499999999999987
133,-0.22500000000000026
134,0.49999999999999967
135,0.9062499999999997
136,0.17499999999999977
137,0.8687499999999996
138,0.6687499999999997
139,0.2062499999999996
140,0.5999999999999994
141,0.018749999999999434
142,1.0124999999999997
143,0.21874999999999944
144,0.1749999999999997
145,-0.06875000000000048
146,0.5499999999999998
147,0.5999999999999999
148,0.3062499999999996
149,1.0125
150,0.41249999999999976
151,0.35624999999999957
152,0.13749999999999957
153,0.6624999999999999
154,0.43124999999999974
155,0.5125
156,0.38124999999999976
157,-0.3562500000000005
158,0.26249999999999946
159,0.30624999999999947
160,0.5187499999999997
161,0.26874999999999993
162,0.15624999999999972
163,0.7124999999999999
164,0.3812499999999995
165,0.3062499999999997
166,-0.13125000000000026
167,0.7874999999999992
168,0.36874999999999963
169,0.7124999999999995
170,0.9312499999999998
171,0.95
172,0.7749999999999994
173,1.0062499999999999
174,0.3937499999999995
175,0.48124999999999984
176,-0.012500000000000233
177,0.3312499999999997
178,0.006249999999999534
179,0.19999999999999984
180,0.2874999999999996
181,0.44374999999999953
182,0.12499999999999967
183,0.28749999999999987
184,0.6499999999999999
185,0.4249999999999998
186,-0.2187500000000004
187,0.3499999999999998
188,0.4624999999999998
189,0.29374999999999946
190,0.28124999999999933
191,0.5687499999999994
192,0.012499999999999623
193,0.5937499999999994
194,0.12499999999999989
195,1.1124999999999994
196,-4.440892098500626e-16
197,0.4999999999999997
198,0.5187499999999997
199,0.2062499999999997
200,0.5499999999999998
201,0.5562499999999996
202,0.6374999999999997
203,0.5249999999999997
204,0.27499999999999986
205,0.1124999999999996
206,0.5187499999999996
207,0.5874999999999999
208,0.5062499999999998
209,0.7999999999999996
210,0.8124999999999996
211,0.29374999999999957
212,0.6499999999999999
213,-0.1625000000000002
214,0.7812499999999997
215,-0.3125000000000001
216,0.1687499999999995
217,0.9687499999999996
218,0.7687499999999998
219,0.4687499999999998
220,0.3062499999999994
221,0.6812499999999997
222,0.2124999999999998
223,0.14374999999999932
224,0.018749999999999822
225,0.24374999999999952
226,0.3937499999999997
227,0.7999999999999998
228,0.6687499999999997
229,0.024999999999999634
230,0.7062499999999999
231,0.031249999999999556
232,0.6749999999999993
233,0.13749999999999962
234,0.5812499999999998
235,-0.06875000000000042
236,-0.26875000000000016
237,0.8624999999999994
238,0.6374999999999995
239,0.3187499999999996
240,0.6250000000000001
241,0.2749999999999996
242,0.5124999999999997
243,0.33124999999999943
244,0.23124999999999957
245,-0.018750000000000377
246,-0.17500000000000038
247,0.7437499999999999
248,0.46874999999999967
249,0.8437499999999998
250,0.8499999999999996
251,0.5562499999999997
252,0.4062499999999998
253,0.33749999999999974
254,0.5499999999999997
255,1.0312499999999996
256,0.34999999999999964
257,0.4312499999999998
258,0.4937499999999997
259,-0.14375000000000043
260,0.4812499999999996
261,-0.03125000000000011
262,0.7687499999999997
263,-0.20000000000000046
264,0.6437499999999999
265,-0.04375000000000007
266,0.5249999999999997
267,-0.19375000000000064
268,0.2812499999999995
269,0.5062499999999996
270,0.66875
271,0.6125
272,0.5812499999999998
273,0.3312499999999996
274,-0.13125000000000064
275,0.6749999999999998
276,0.7687499999999999
277,0.5187499999999998
278,0.3999999999999995
279,0.6562499999999996
280,0.3437499999999997
281,0.3999999999999995
282,-0.13125000000000048
283,0.16874999999999962
284,-3.3306690738754696e-16
285,0.5124999999999998
286,0.6499999999999998
287,0.5249999999999999
288,0.16249999999999976
289,-0.06875000000000042
290,0.8124999999999996
291,0.6624999999999996
292,0.3249999999999994
293,0.1874999999999994
294,0.6687499999999995
295,0.5937499999999997
296,0.056249999999999745
297,0.21874999999999922
298,0.04374999999999979
299,0.3937499999999998
300,0.35624999999999934
301,0.6437499999999996
302,0.49999999999999994
303,0.3124999999999996
304,0.6375000000000002
305,0.5874999999999997
306,0.7374999999999998
307,0.3687499999999997
308,0.5812499999999998
309,0.9062499999999996
310,0.006249999999999534
311,0.4312499999999996
312,0.4687499999999999
313,0.5124999999999997
314,0.7562499999999999
315,0.48124999999999946
316,0.7374999999999995
317,-0.0937500000000005
318,0.7562499999999994
319,0.18124999999999952
320,0.8312499999999999
321,0.8124999999999998
322,0.8937499999999998
323,0.3437499999999995
324,0.8749999999999996
325,0.95625
326,0.6124999999999996
327,0.48124999999999973
328,0.6437499999999996
329,0.06249999999999928
330,0.7124999999999996
331,0.5124999999999995
332,0.38124999999999976
333,0.3312499999999995
334,-0.3250000000000006
335,0.8687499999999999
336,0.3687499999999998
337,0.26249999999999973
338,0.5999999999999995
339,-0.08125000000000021
340,0.10624999999999957
341,0.30624999999999963
342,0.4499999999999997
343,0.6749999999999997
344,0.54375
345,0.2624999999999997
346,1.0062499999999996
347,0.38749999999999957
348,0.3812499999999997
349,0.4125
350,0.49375
351,0.4937499999999995
352,0.13124999999999987
353,0.2437499999999993
354,0.2374999999999997
355,0.5874999999999999
356,1.0187499999999998
357,0.6624999999999992
358,0.5312499999999996
359,0.6062499999999997
360,1.3375000000000001
361,0.6
362,0.8999999999999997
363,0.35624999999999946
364,0.48749999999999993
365,0.11249999999999999
366,0.6874999999999994
367,-0.13750000000000046
368,0.42499999999999966
369,0.5499999999999998
370,0.7687499999999999
371,0.7562499999999994
372,0.5062499999999998
373,0.4999999999999998
374,0.41874999999999984
375,0.7249999999999998
376,0.13124999999999953
377,0.5874999999999999
378,0.44374999999999953
379,0.5187499999999994
380,0.5624999999999998
381,0.4937499999999996
382,0.28124999999999967
383,0.08124999999999966
384,0.1874999999999995
385,0.4749999999999999
386,0.3062499999999999
387,0.5624999999999998
388,0.3812499999999997
389,0.3374999999999998
390,0.5499999999999998
391,0.6124999999999996
392,0.4624999999999997
393,0.38124999999999953
394,0.14999999999999958
395,0.9187500000000001
396,0.5374999999999996
397,0.6874999999999996
398,0.8875
399,0.3749999999999998
400,0.14999999999999958
401,0.15624999999999983
402,0.4624999999999999
403,0.21249999999999952
404,0.6749999999999997
405,0.5499999999999994
406,0.28749999999999953
407,0.4937499999999997
408,-0.03125000000000011
409,0.5812499999999997
410,0.24999999999999956
411,0.4749999999999997
412,0.24999999999999967
413,0.8124999999999998
414,0.3874999999999997
415,0.7437499999999996
416,0.9749999999999996
417,0.5687499999999996
418,0.3375
419,1.00625
420,0.15624999999999972
421,0.39375000000000004
422,0.4749999999999999
423,0.20624999999999938
424,0.3874999999999996
425,0.04999999999999971
426,0.7124999999999996
427,0.5624999999999998
428,0.5437499999999995
429,0.12499999999999972
430,0.4749999999999999
431,0.3437499999999997
432,0.3999999999999997
433,0.17499999999999966
434,-0.03750000000000042
435,0.4562499999999996
436,0.2937499999999997
437,0.48124999999999984
438,-0.01875000000000049
439,0.6937499999999995
440,0.6124999999999996
441,0.7374999999999998
442,1.1624999999999996
443,0.3187499999999997
444,0.45624999999999977
445,0.3562499999999997
446,0.43749999999999944
447,0.5687499999999996
448,0.28749999999999964
449,0.1187499999999998
450,0.4562499999999997
451,0.84375
452,0.7687499999999998
453,0.48749999999999966
454,1.0374999999999996
455,0.5187499999999999
456,-0.031250000000000444
457,0.37499999999999967
458,0.3624999999999996
459,0.23749999999999988
460,0.1999999999999998
461,0.9999999999999996
462,-0.26250000000000046
463,0.2562499999999995
464,0.062499999999999556
465,0.7812499999999993
466,0.48124999999999973
467,0.5187499999999996
468,0.1624999999999998
469,1.0124999999999997
470,0.3187499999999996
471,0.28749999999999964
472,0.6874999999999999
473,0.6562499999999996
474,0.6624999999999996
475,0.6937499999999998
476,0.83125
477,0.7624999999999997
478,0.5437499999999996
479,0.26249999999999934
480,0.04374999999999951
481,0.5937499999999999
482,0.3562499999999996
483,0.2624999999999995
484,0.6812499999999995
485,0.66875
486,0.9687499999999997
487,0.26874999999999993
488,-0.006250000000000533
489,0.5124999999999997
490,0.6187499999999998
491,0.8249999999999997
492,0.37499999999999994
493,0.04374999999999957
494,0.6687499999999998
495,0.6187499999999998
496,0.22499999999999948
497,0.8500000000000001
498,0.5062499999999999
499,0.32499999999999957
500,0.7749999999999999
501,0.3187499999999998
502,0.3124999999999998
503,0.5812499999999996
504,0.3499999999999996
505,0.13124999999999948
506,0.2812499999999995
507,0.7499999999999998
508,0.9437499999999996
509,0.2624999999999998
510,0.6375
511,0.1312499999999996
512,0.5999999999999998
513,0.7187499999999998
514,0.5124999999999997
515,0.6312499999999996
516,0.6624999999999999
517,0.06249999999999978
518,0.3312499999999997
519,0.4562499999999995
520,0.4499999999999994
521,0.30624999999999947
522,0.6749999999999996
523,0.7249999999999998
524,0.4187499999999997
525,0.5312499999999998
526,0.2937499999999996
527,0.7249999999999996
528,0.03749999999999937
529,0.4812499999999997
530,0.15624999999999933
531,-0.0125000000000004
532,0.17499999999999966
533,0.49374999999999986
534,0.3187499999999994
535,0.0874999999999998
536,0.6187499999999997
537,0.03749999999999937
538,0.6499999999999996
539,0.2374999999999996
540,0.7999999999999997
541,0.6812499999999998
542,0.3999999999999996
543,0.1874999999999996
544,0.44374999999999953
545,0.2812499999999999
546,0.5499999999999995
547,0.7249999999999993
548,0.30624999999999947
549,0.9187499999999997
550,0.9375
551,0.6374999999999997
552,0.4312499999999999
553,0.48749999999999943
554,0.5812499999999994
555,0.4249999999999999
556,0.2687499999999996
557,0.16874999999999973
558,0.3499999999999999
559,0.1499999999999997
560,0.4187499999999995
561,0.6499999999999996
562,0.4812499999999995
563,0.6624999999999996
564,0.11874999999999974
565,-0.1687500000000005
566,0.32499999999999973
567,0.024999999999999745
568,0.27499999999999947
569,0.8687499999999995
570,0.23124999999999968
571,-0.018750000000000155
572,0.2874999999999998
573,0.6312499999999996
574,0.8812499999999996
575,0.47500000000000003
576,0.9312499999999997
577,0.5624999999999998
578,0.5062499999999996
579,0.34374999999999956
580,1.03125
581,0.5187499999999997
582,0.6687499999999997
583,0.5312499999999999
584,0.5874999999999997
585,-0.10000000000000059
586,0.16874999999999946
587,0.5624999999999998
588,0.6124999999999997
589,0.5437499999999998
590,0.47499999999999953
591,0.55625
592,0.18749999999999994
593,0.8374999999999997
594,0.43124999999999947
595,0.9249999999999998
596,0.38749999999999957
597,0.14999999999999958
598,0.5312500000000001
599,-0.2312500000000005
600,1.0187499999999998
601,0.2874999999999998
602,0.46874999999999967
603,0.6874999999999997
604,0.09374999999999956
605,0.54375
606,0.6499999999999997
607,0.73125
608,0.34999999999999964
609,0.4374999999999996
610,0.3249999999999997
611,0.23749999999999982
612,0.5749999999999997
613,0.69375
614,0.2124999999999998
615,0.037499999999999645
616,0.7687500000000002
617,0.3312499999999996
618,-0.19375000000000053
619,0.3624999999999996
620,0.6499999999999998
621,0.2562499999999997
622,0.2437499999999997
623,0.6125
624,0.5312499999999998
625,0.6749999999999996
626,0.9625
627,0.06249999999999978
628,0.11874999999999963
629,0.6499999999999999
630,0.4187499999999997
631,-0.3062500000000005
632,-0.06250000000000067
633,0.5437499999999995
634,0.0999999999999997
635,0.2999999999999997
636,0.5999999999999993
637,0.27499999999999963
638,0.4187499999999998
639,0.40624999999999956
640,0.1624999999999996
641,0.17499999999999993
642,0.7437500000000001
643,1.0124999999999997
644,0.7624999999999995
645,0.5937499999999996
646,0.23749999999999982
647,0.48124999999999984
648,0.7374999999999998
649,0.2062499999999995
650,0.36250000000000004
651,0.3062499999999997
652,0.10624999999999973
653,0.2937499999999999
654,0.4874999999999994
655,0.8624999999999998
656,0.33124999999999954
657,0.3374999999999993
658,0.2124999999999997
659,0.4437499999999997
660,0.3749999999999996
661,0.18749999999999956
662,0.5687499999999996
663,0.3562499999999998
664,0.4124999999999997
665,0.4687499999999995
666,0.5749999999999996
667,0.19999999999999923
668,0.012499999999999456
669,0.21874999999999967
670,0.6374999999999995
671,0.46249999999999963
672,-0.012500000000000122
673,0.6749999999999996
674,-0.10625000000000051
675,0.2499999999999995
676,0.31249999999999933
677,0.32499999999999973
678,0.26249999999999957
679,0.30624999999999947
680,-5.551115123125783e-16
681,0.8249999999999995
682,0.36249999999999977
683,0.5437499999999996
684,0.33749999999999974
685,0.6812499999999996
686,0.46249999999999963
687,0.7999999999999996
688,0.3374999999999995
689,0.6312499999999996
690,0.48125000000000007
691,0.08749999999999947
692,0.7312499999999996
693,-0.07500000000000046
694,0.8187499999999999
695,0.6937499999999999
696,0.5624999999999996
697,0.18749999999999944
698,0.27499999999999925
699,0.13124999999999976
700,0.5499999999999998
701,0.5562499999999995
702,0.7
703,0.6187499999999999
704,0.5499999999999996
705,0.3124999999999998
706,0.675
707,0.7249999999999998
708,0.7499999999999997
709,0.09374999999999939
710,0.38124999999999953
711,0.31249999999999944
712,0.2874999999999999
713,0.7624999999999996
714,0.5562499999999998
715,-0.025000000000000466
716,0.2874999999999997
717,0.5874999999999997
718,0.012499999999999678
719,0.6312499999999996
720,-0.018750000000000377
721,0.4062499999999996
722,0.38124999999999976
723,0.4062499999999997
724,0.23749999999999993
725,0.2249999999999996
726,0.6749999999999998
727,0.4562499999999995
728,0.5249999999999997
729,1.01875
730,0.03124999999999961
731,0.4874999999999998
732,0.4187499999999994
733,0.1624999999999996
734,0.24374999999999958
735,0.4624999999999997
736,0.5187499999999998
737,0.4687499999999998
738,0.43749999999999967
739,0.2749999999999998
740,-0.28125000000000033
741,0.3187499999999998
742,0.13749999999999962
743,0.4874999999999997
744,0.4437499999999997
745,0.3249999999999997
746,0.55
747,0.1937499999999998
748,0.7312499999999995
749,0.5624999999999998
750,0.6125
751,0.5499999999999998
752,0.7499999999999996
753,0.3
754,0.33749999999999925
755,0.8124999999999998
756,-0.23750000000000043
757,0.7937499999999995
758,0.5187499999999994
759,0.6374999999999996
760,0.6624999999999998
761,0.6374999999999995
762,0.5624999999999998
763,0.9124999999999999
764,0.3937499999999997
765,0.018749999999999545
766,0.5812499999999995
767,0.5624999999999993
768,0.3062499999999999
769,0.2812499999999998
770,0.40624999999999967
771,0.42499999999999977
772,0.5062499999999996
773,0.7062499999999996
774,0.07499999999999957
775,0.2562499999999997
776,0.3062499999999994
777,0.65
778,0.15624999999999972
779,0.44374999999999976
780,0.6249999999999999
781,0.43124999999999947
782,0.5312499999999998
783,-0.08125000000000043
784,0.3124999999999994
785,-0.10000000000000037
786,0.42499999999999943
787,0.7624999999999998
788,0.8874999999999998
789,0.06874999999999948
790,0.5187499999999998
791,1.0187499999999998
792,0.1687499999999995
793,0.40624999999999956
794,0.7124999999999995
795,0.006249999999999534
796,0.1562499999999999
797,-0.2625000000000005
798,0.6937499999999998
799,0.59375
800,0.9124999999999995
801,0.6625000000000002
802,0.0124999999999994
803,0.5312499999999998
804,0.8499999999999999
805,0.70625
806,0.3187499999999995
807,0.24999999999999956
808,0.4374999999999997
809,0.31874999999999987
810,-0.26875000000000027
811,0.6937499999999996
812,0.5874999999999996
813,0.6375000000000002
814,0.6375
815,0.5812499999999994
816,-0.031250000000000444
817,0.5874999999999999
818,0.10624999999999984
819,0.4937499999999995
820,-0.11250000000000016
821,0.7999999999999998
822,0.02499999999999941
823,0.10000000000000009
824,0.7312500000000002
825,0.6999999999999997
826,0.8687499999999992
827,0.05624999999999991
828,0.36874999999999974
829,1.0124999999999995
830,0.4499999999999997
831,0.8062499999999997
832,0.2562499999999994
833,0.45625000000000004
834,0.23749999999999954
835,0.41249999999999953
836,1.1124999999999996
837,0.8999999999999997
838,0.11249999999999971
839,0.7437499999999995
840,0.4749999999999995
841,0.3249999999999994
842,0.47499999999999953
843,0.18124999999999947
844,0.28749999999999964
845,0.7562499999999999
846,0.5187499999999998
847,0.26249999999999957
848,0.08749999999999952
849,0.7624999999999998
850,0.25624999999999964
851,0.75
852,0.1187499999999998
853,-0.08750000000000041
854,0.5374999999999999
855,1.0187499999999994
856,0.6312499999999999
857,0.12499999999999972
858,0.9999999999999996
859,0.4562499999999995
860,0.6312499999999996
861,0.7249999999999995
862,0.38124999999999953
863,0.056249999999999745
864,0.7187499999999998
865,0.7124999999999994
866,0.6812499999999997
867,0.3062499999999995
868,0.11874999999999963
869,0.6937499999999998
870,0.8687499999999997
871,0.6187499999999999
872,-0.1312500000000006
873,0.7937499999999997
874,0.2812499999999999
875,0.3499999999999995
876,0.2062499999999997
877,1.0687499999999999
878,0.2562499999999996
879,0.21249999999999913
880,0.05624999999999958
881,0.1999999999999999
882,0.6312499999999996
883,0.4999999999999992
884,0.6437499999999998
885,1.0249999999999995
886,-0.07500000000000034
887,0.5812499999999998
888,-0.1750000000000005
889,-0.18125000000000047
890,0.5874999999999997
891,0.24999999999999967
892,0.9249999999999998
893,0.45625
894,0.8374999999999998
895,0.5687499999999995
896,0.3999999999999995
897,0.46874999999999967
898,0.61875
899,0.4562499999999997
900,0.12499999999999961
901,0.5312499999999999
902,0.16249999999999953
903,-0.1187500000000003
904,0.26249999999999973
905,0.48125000000000007
906,0.39999999999999963
907,0.7999999999999996
908,-1.6653345369377348e-16
909,0.12499999999999978
910,0.7187499999999996
911,0.23124999999999973
912,0.10624999999999996
913,0.5187499999999998
914,0.7187499999999998
915,0.6437499999999994
916,-0.056250000000000244
917,0.41874999999999973
918,0.20624999999999943
919,0.30624999999999974
920,0.1437499999999996
921,0.08749999999999958
922,0.5749999999999996
923,0.4812499999999997
924,0.7687499999999998
925,0.24999999999999972
926,0.12499999999999961
927,0.2624999999999997
928,-0.06250000000000061
929,0.4874999999999997
930,0.46874999999999967
931,0.5687499999999996
932,-0.2062500000000005
933,0.3687499999999994
934,0.26874999999999977
935,0.59375
936,0.3999999999999996
937,0.6562499999999996
938,0.6249999999999996
939,0.6499999999999998
940,0.39374999999999977
941,0.7999999999999998
942,0.44374999999999976
943,0.39999999999999986
944,0.6749999999999997
945,0.5999999999999996
946,0.2812499999999997
947,0.19999999999999968
948,0.024999999999999356
949,0.6499999999999997
950,0.09374999999999939
951,0.1437499999999995
952,0.24374999999999974
953,0.5187499999999998
954,0.38124999999999937
955,0.6562499999999997
956,0.4749999999999996
957,-0.24375000000000052
958,0.43124999999999974
959,0.83125
960,0.7812499999999994
961,0.23749999999999982
962,0.2749999999999994
963,0.5937499999999998
964,0.7437499999999997
965,0.2999999999999996
966,0.5625
967,0.9750000000000001
968,0.23124999999999946
969,0.23124999999999984
970,0.6062499999999998
971,0.12499999999999978
972,0.46249999999999974
973,-0.012500000000000178
974,0.7
975,0.33749999999999974
976,0.2749999999999998
977,0.5125
978,0.4687499999999995
979,-0.13125000000000042
980,0.04374999999999979
981,0.13124999999999942
982,0.10624999999999962
983,0.2312499999999994
984,0.825
985,0.3999999999999995
986,-0.4312500000000006
987,0.47499999999999987
988,0.36249999999999977
989,0.54375
990,0.15624999999999967
991,0.21249999999999958
992,0.7562500000000001
993,0.7875000000000001
994,0.40624999999999967
995,0.24374999999999974
996,0.4312499999999995
997,0.4437499999999998
998,-0.05625000000000041
999,0.7124999999999995
1000,0.14374999999999966
1001,-0.06875000000000042
1002,0.48124999999999973
1003,0.4437499999999996
1004,0.4062499999999994
1005,-0.012500000000000622
1006,-0.3500000000000005
1007,0.13749999999999973
1008,0.6187499999999998
1009,0.3312499999999996
1010,0.4249999999999995
1011,0.3874999999999997
1012,0.8812499999999995
1013,0.2624999999999998
1014,0.3812499999999996
1015,0.7999999999999996
1016,0.16249999999999942
1017,0.4249999999999998
1018,-0.13750000000000057
1019,0.8999999999999998
1020,0.3937499999999996
1021,1.1749999999999994
1022,0.7062499999999998
1023,0.07499999999999929
1024,0.6312499999999996
1025,0.6375
1026,0.21874999999999956
1027,0.6437499999999998
1028,0.4875000000000002
1029,0.24374999999999974
1030,0.12499999999999967
1031,0.43749999999999956
1032,0.15624999999999922
1033,-0.10625000000000062
1034,0.8312499999999997
1035,0.13749999999999957
1036,0.4187499999999998
1037,0.8937499999999997
1038,0.7187499999999996
1039,0.5312499999999997
1040,0.48124999999999957
1041,0.6812499999999999
1042,-2.220446049250313e-16
1043,0.2624999999999996
1044,0.9437499999999996
1045,0.5062499999999994
1046,0.3437499999999998
1047,0.48749999999999966
1048,0.8874999999999995
1049,-0.01875000000000049
1050,0.3437499999999999
1051,0.4749999999999995
1052,0.5062499999999998
1053,0.21249999999999947
1054,0.14999999999999958
1055,0.3999999999999997
1056,0.6687499999999997
1057,0.41874999999999996
1058,0.6624999999999994
1059,0.6249999999999996
1060,0.5062499999999996
1061,-0.13125000000000048
1062,0.5625
1063,0.3812499999999996
1064,0.46875
1065,0.7624999999999995
1066,0.3437499999999996
1067,0.3249999999999999
1068,0.7250000000000001
1069,0.23124999999999946
1070,0.5187499999999998
1071,0.07499999999999951
1072,0.6999999999999993
1073,0.4062499999999998
1074,0.1312499999999997
1075,0.7437499999999999
1076,0.06249999999999961
1077,0.3374999999999998
1078,0.7437499999999997
1079,-0.4625000000000005
1080,0.32499999999999973
1081,0.17499999999999938
1082,0.2999999999999999
1083,0.1499999999999997
1084,0.3374999999999994
1085,1.1374999999999997
1086,0.42499999999999966
1087,0.1749999999999996
1088,-0.1250000000000004
1089,-0.16250000000000014
1090,0.3812499999999996
1091,-0.22500000000000037
1092,0.4062499999999995
1093,0.12499999999999967
1094,0.21249999999999963
1095,0.5499999999999998
1096,0.4124999999999996
1097,0.3999999999999997
1098,0.9749999999999995
1099,0.09999999999999981
1100,0.3499999999999997
1101,0.4687499999999997
1102,0.2749999999999997
1103,0.6187499999999999
1104,0.7999999999999996
1105,0.6624999999999996
1106,0.29999999999999977
1107,0.5999999999999996
1108,-0.21875000000000067
1109,0.6687499999999997
1110,0.41874999999999984
1111,0.5062499999999996
1112,0.41874999999999973
1113,0.7437499999999999
1114,0.14374999999999954
1115,0.61875
1116,0.8937499999999995
1117,-0.26250000000000046
1118,0.2937499999999996
1119,-0.043750000000000344
1120,0.2937499999999996
1121,0.8062499999999999
1122,0.4437499999999996
1123,0.5124999999999997
1124,0.4124999999999995
1125,0.5749999999999997
1126,1.1249999999999996
1127,0.9187499999999995
1128,-0.037500000000000366
1129,0.6375
1130,0.5374999999999996
1131,0.6437499999999998
1132,0.24999999999999994
1133,0.018749999999999822
1134,0.5812499999999996
1135,0.2937499999999997
1136,0.6124999999999999
1137,0.25624999999999964
1138,0.5999999999999998
1139,0.8999999999999999
1140,0.5499999999999999
1141,0.5937499999999998
1142,0.9749999999999996
1143,1.0124999999999997
1144,0.6249999999999994
1145,0.3874999999999995
1146,0.21874999999999944
1147,0.2187499999999995
1148,0.3374999999999995
1149,0.5249999999999998
1150,0.5687500000000001
1151,0.36249999999999943
1152,0.7124999999999997
1153,0.16874999999999946
1154,0.9375
1155,0.29999999999999966
1156,0.21874999999999956
1157,0.8124999999999996
1158,0.6062499999999995
1159,0.32500000000000007
1160,0.38749999999999973
1161,0.5749999999999998
1162,0.6937499999999999
1163,0.5749999999999997
1164,0.4624999999999997
1165,0.5062500000000001
1166,0.2749999999999997
1167,0.012499999999999456
1168,0.22499999999999992
1169,0.75625
1170,-0.09375000000000072
1171,0.18749999999999956
1172,0.3562499999999998
1173,0.4499999999999997
1174,0.6249999999999998
1175,1.0312499999999996
1176,0.43124999999999963
1177,0.3687499999999999
1178,1.1562499999999998
1179,0.3874999999999998
1180,0.6499999999999996
1181,0.16249999999999953
1182,0.1687499999999995
1183,0.3687499999999994
1184,-0.5500000000000005
1185,0.46874999999999967
1186,0.4624999999999997
1187,0.5812499999999998
1188,0.05624999999999991
1189,0.5312499999999996
1190,0.1437499999999996
1191,-0.22500000000000042
1192,0.2749999999999997
1193,0.2999999999999998
1194,0.8499999999999998
1195,0.4499999999999998
1196,0.2374999999999995
1197,0.9812499999999997
1198,0.5812499999999998
1199,0.08749999999999952
1200,0.5374999999999994
1201,-0.0437500000000004
1202,0.11249999999999943
1203,0.04374999999999968
1204,0.06874999999999964
1205,1.03125
1206,0.5499999999999997
1207,0.22499999999999987
1208,0.1437499999999996
1209,0.5187499999999996
1210,0.44999999999999946
1211,0.6624999999999994
1212,0.47499999999999976
1213,0.45624999999999993
1214,0.9124999999999996
1215,-0.23750000000000038
1216,0.49999999999999956
1217,0.8187499999999998
1218,0.6187499999999997
1219,0.07499999999999946
1220,0.44999999999999984
1221,0.3312499999999997
1222,0.6562499999999996
1223,0.2937499999999996
1224,0.01874999999999971
1225,0.16874999999999962
1226,-0.40000000000000047
1227,-0.3000000000000006
1228,0.4874999999999996
1229,0.08124999999999971
1230,0.43124999999999986
1231,0.8312499999999996
1232,-0.3250000000000006
1233,0.39374999999999966
1234,-4.440892098500626e-16
1235,0.9124999999999996
1236,0.37499999999999956
1237,0.3687499999999997
1238,0.28749999999999964
1239,0.38749999999999984
1240,-0.13125000000000064
1241,-0.16250000000000048
1242,0.9062499999999996
1243,0.7249999999999998
1244,0.7999999999999998
1245,0.7687499999999999
1246,0.3624999999999996
1247,0.3249999999999998
1248,0.09999999999999964
1249,0.37499999999999944
1250,0.46249999999999974
1251,0.3062499999999997
1252,0.7
1253,0.31249999999999956
1254,0.5437499999999995
1255,0.7249999999999996
1256,0.8999999999999999
1257,0.8937499999999998
1258,0.5124999999999997
1259,0.3249999999999995
1260,0.4249999999999997
1261,0.5812499999999996
1262,0.34374999999999967
1263,0.2624999999999993
1264,0.3437499999999996
1265,0.31249999999999956
1266,0.4937499999999997
1267,0.4062499999999997
1268,0.4749999999999998
1269,0.46249999999999963
1270,0.41249999999999953
1271,-0.04999999999999999
1272,0.4812499999999996
1273,0.043749999999999456
1274,0.8812499999999994
1275,0.10624999999999951
1276,0.45624999999999954
1277,0.6187499999999998
1278,0.1999999999999995
1279,0.09374999999999978
1280,0.6874999999999997
1281,-0.23750000000000043
1282,0.8624999999999996
1283,0.6437499999999996
1284,0.7437499999999997
1285,-0.06250000000000044
1286,0.2437499999999998
1287,0.7374999999999994
1288,0.44374999999999976
1289,0.3624999999999994
1290,0.5874999999999999
1291,0.10624999999999962
1292,0.16874999999999962
1293,0.8187499999999996
1294,0.5124999999999997
1295,0.4062499999999998
1296,0.7999999999999998
1297,0.5749999999999997
1298,0.6249999999999999
1299,0.1812499999999997
1300,0.36249999999999966
1301,0.8312499999999998
1302,0.10624999999999951
1303,0.5999999999999996
1304,0.16874999999999962
1305,0.42499999999999993
1306,0.10624999999999957
1307,0.39999999999999947
1308,0.21874999999999944
1309,0.2937499999999997
1310,-0.006250000000000477
1311,0.6624999999999996
1312,0.5437499999999993
1313,0.4749999999999998
1314,0.22499999999999942
1315,0.3687499999999996
1316,-0.13750000000000062
1317,0.4687499999999996
1318,-4.996003610813204e-16
1319,0.3124999999999999
1320,0.49999999999999933
1321,-0.06250000000000067
1322,0.3249999999999998
1323,0.6437499999999997
1324,0.5749999999999998
1325,0.7437499999999997
1326,0.04374999999999951
1327,0.48125000000000007
1328,0.39999999999999974
1329,-0.0437500000000004
1330,0.6374999999999996
1331,0.7249999999999996
1332,0.7999999999999997
1333,1.0562499999999997
1334,0.7499999999999998
1335,0.5125
1336,0.5687499999999996
1337,0.3374999999999997
1338,0.5249999999999998
1339,0.4874999999999997
1340,0.23124999999999973
1341,0.35624999999999957
1342,0.10624999999999962
1343,0.22499999999999964
1344,0.47499999999999964
1345,0.6749999999999998
1346,-0.21875000000000022
1347,0.7249999999999999
1348,0.5187499999999999
1349,0.30625
1350,0.4624999999999994
1351,0.3437499999999996
1352,0.2749999999999998
1353,-0.06250000000000044
1354,0.48124999999999973
1355,0.3437499999999997
1356,0.9562499999999998
1357,0.4062499999999997
1358,0.22499999999999964
1359,-0.07500000000000018
1360,0.38749999999999973
1361,0.2687499999999994
1362,0.04374999999999951
1363,0.38124999999999964
1364,-0.025000000000000244
1365,0.5124999999999997
1366,0.09999999999999976
1367,0.13124999999999937
1368,0.6999999999999997
1369,0.5124999999999996
1370,0.5437499999999996
1371,0.7999999999999995
1372,0.2937499999999999
1373,0.6812499999999997
1374,0.031249999999999334
1375,0.5687499999999998
1376,0.6374999999999998
1377,0.29999999999999977
1378,0.30624999999999997
1379,0.7312499999999996
1380,0.11249999999999971
1381,0.46874999999999933
1382,0.2937499999999995
1383,0.0812499999999996
1384,-0.10625000000000034
1385,0.6124999999999998
1386,-0.031250000000000444
1387,0.4812499999999998
1388,0.24999999999999983
1389,0.6874999999999998
1390,1.2125
1391,0.4562499999999997
1392,0.42500000000000004
1393,1.0749999999999997
1394,0.6562499999999996
1395,0.28124999999999933
1396,0.1499999999999994
1397,0.4499999999999995
1398,1.0499999999999998
1399,0.17499999999999993
1400,-0.14375000000000038
1401,0.5124999999999997
1402,1.025
1403,0.043749999999999956
1404,0.6062499999999997
1405,0.3812499999999996
1406,0.2062499999999996
1407,0.38749999999999973
1408,0.21874999999999922
1409,0.10624999999999996
1410,0.23124999999999968
1411,0.3749999999999997
1412,0.5187499999999998
1413,0.38124999999999964
1414,0.6187499999999998
1415,0.5812499999999998
1416,-0.22500000000000053
1417,0.6499999999999997
1418,0.7749999999999998
1419,-0.4187500000000005
1420,0.3062499999999996
1421,0.3062499999999997
1422,0.28124999999999994
1423,0.24999999999999967
1424,0.16249999999999998
1425,0.4124999999999992
1426,0.10624999999999957
1427,0.6624999999999996
1428,0.49374999999999974
1429,0.9624999999999997
1430,0.38124999999999964
1431,0.7124999999999999
1432,0.6124999999999997
1433,0.06874999999999942
1434,0.41874999999999957
1435,0.2999999999999997
1436,0.36249999999999943
1437,0.3499999999999998
1438,0.3687499999999997
1439,0.4374999999999998
1440,0.5624999999999998
1441,0.5499999999999997
1442,0.3687499999999995
1443,-0.05625000000000041
1444,0.5374999999999995
1445,0.3749999999999998
1446,0.24999999999999978
1447,0.16874999999999984
1448,0.4437499999999994
1449,0.6187499999999999
1450,0.8562499999999995
1451,-0.012500000000000455
1452,0.3687499999999997
1453,0.5062499999999998
1454,0.4874999999999996
1455,0.37499999999999967
1456,0.25624999999999964
1457,0.60625
1458,0.2374999999999995
1459,0.9999999999999998
1460,0.1687499999999995
1461,0.46249999999999963
1462,-0.01875000000000049
1463,0.3062499999999996
1464,0.7
1465,-0.5250000000000004
1466,0.08749999999999952
1467,0.31875
1468,0.4749999999999997
1469,0.8124999999999998
1470,0.08749999999999958
1471,0.37499999999999944
1472,0.3749999999999999
1473,-0.2625000000000004
1474,0.3812499999999997
1475,0.23124999999999957
1476,0.5437499999999998
1477,1.025
1478,-0.11250000000000054
1479,0.5187499999999998
1480,0.7687499999999995
1481,0.8374999999999996
1482,0.26874999999999954
1483,0.38124999999999964
1484,0.38749999999999973
1485,0.20624999999999982
1486,0.3812499999999998
1487,0.9687499999999996
1488,0.5874999999999995
1489,0.38749999999999957
1490,0.6562499999999996
1491,0.4124999999999997
1492,0.23749999999999966
1493,0.45624999999999993
1494,0.12499999999999967
1495,0.38749999999999984
1496,0.29999999999999966
1497,0.2812499999999997
1498,0.43125
1499,0.6499999999999997
1500,1.075
1501,0.4499999999999995
1502,-0.10625000000000012
1503,0.3812499999999994
1504,0.4937499999999996
1505,0.7937499999999995
1506,1.0124999999999995
1507,0.5249999999999997
1508,0.4187499999999996
1509,0.23749999999999932
1510,0.85625
1511,0.5062499999999995
1512,-0.031250000000000555
1513,0.7687499999999997
1514,0.09999999999999987
1515,0.6374999999999997
1516,0.14374999999999982
1517,-6.661338147750939e-16
1518,0.6187499999999998
1519,0.5499999999999996
1520,0.5624999999999996
1521,0.21249999999999952
1522,0.3437499999999994
1523,-0.03750000000000048
1524,0.19374999999999953
1525,0.6499999999999999
1526,0.45624999999999977
1527,0.3374999999999995
1528,0.85625
1529,0.9874999999999999
1530,0.024999999999999634
1531,0.11249999999999949
1532,0.9812500000000001
1533,0.21874999999999956
1534,1.1375000000000002
1535,0.8812499999999999
1536,0.5874999999999997
1537,0.4812499999999996
1538,0.10624999999999957
1539,0.7499999999999999
1540,0.6437499999999998
1541,1.025
1542,-0.1875000000000004
1543,0.2187499999999996
1544,0.16249999999999964
1545,0.23124999999999934
1546,0.2687499999999995
1547,0.49999999999999983
1548,0.3187499999999996
1549,0.6437499999999998
1550,0.44375
1551,0.5687499999999999
1552,0.48124999999999957
1553,0.6312499999999996
1554,0.056249999999999356
1555,0.8937499999999997
1556,0.3312499999999997
1557,0.47499999999999976
1558,0.7499999999999997
1559,0.34999999999999953
1560,0.5687499999999998
1561,0.51875
1562,0.6499999999999998
1563,0.47499999999999976
1564,0.8062499999999997
1565,0.6624999999999998
1566,0.76875
1567,0.3874999999999999
1568,0.2562499999999996
1569,0.012499999999999456
1570,0.5187499999999998
1571,0.6124999999999996
1572,-0.16875000000000046
1573,0.8374999999999995
1574,0.6875
1575,0.5874999999999999
1576,0.83125
1577,0.11874999999999958
1578,0.9312499999999997
1579,0.31874999999999964
1580,0.7562499999999999
1581,0.5062499999999996
1582,0.5249999999999997
1583,0.006249999999999867
1584,0.5812499999999997
1585,0.3624999999999998
1586,0.6062499999999992
1587,0.5374999999999994
1588,-0.05000000000000049
1589,0.9624999999999999
1590,0.7687499999999996
1591,1.1249999999999996
1592,0.1687499999999999
1593,0.6437499999999996
1594,0.4062499999999998
1595,0.4562499999999996
1596,0.1499999999999997
1597,0.31875
1598,0.6187499999999997
1599,0.44374999999999926
1600,0.7375000000000002
1601,0.44999999999999957
1602,1.03125
1603,0.5249999999999999
1604,0.38124999999999987
1605,0.6187499999999998
1606,0.6687499999999997
1607,0.5687499999999996
1608,0.5437499999999997
1609,0.17499999999999932
1610,0.5187499999999996
1611,-0.16250000000000037
1612,0.6437499999999999
1613,0.6874999999999998
1614,0.8374999999999997
1615,0.41874999999999973
1616,-0.05625000000000058
1617,0.41249999999999937
1618,0.8124999999999998
1619,0.5874999999999995
1620,0.4937499999999998
1621,0.9187499999999998
1622,0.27499999999999963
1623,0.0624999999999995
1624,0.6062499999999995
1625,0.31874999999999953
1626,0.9249999999999996
1627,0.3437499999999997
1628,-0.05000000000000032
1629,0.8374999999999995
1630,0.8687499999999997
1631,-0.09375000000000028
1632,-0.025000000000000133
1633,0.98125
1634,0.7187499999999996
1635,0.7062499999999997
1636,0.3124999999999996
1637,0.11249999999999993
1638,0.5124999999999998
1639,0.4062499999999995
1640,0.6124999999999998
1641,0.5874999999999998
1642,0.22499999999999976
1643,0.7500000000000001
1644,0.012499999999999678
1645,0.3749999999999999
1646,0.5749999999999997
1647,0.8875
1648,-4.996003610813204e-16
1649,0.3124999999999994
1650,0.7249999999999999
1651,0.9625
1652,0.18124999999999974
1653,-0.10625000000000057
1654,0.3437499999999997
1655,-0.037500000000000366
1656,0.23749999999999966
1657,0.5874999999999996
1658,0.03749999999999992
1659,0.4062499999999993
1660,0.6249999999999996
1661,-0.04375000000000062
1662,0.36874999999999947
1663,0.7687499999999998
1664,0.3249999999999999
1665,0.10624999999999973
1666,0.46874999999999944
1667,0.024999999999999634
1668,0.6999999999999997
1669,0.9687499999999997
1670,0.6749999999999996
1671,0.30624999999999947
1672,0.08749999999999958
1673,0.5812499999999999
1674,-0.05000000000000043
1675,0.2374999999999997
1676,0.08749999999999958
1677,0.45624999999999966
1678,0.03749999999999942
1679,-0.2187500000000005
1680,0.39999999999999963
1681,0.031249999999999667
1682,0.2749999999999995
1683,0.2624999999999998
1684,0.4874999999999998
1685,0.4187499999999999
1686,0.2562499999999992
1687,0.4624999999999996
1688,0.5249999999999998
1689,0.36874999999999974
1690,0.13124999999999964
1691,0.6124999999999996
1692,0.8062499999999997
1693,0.4999999999999997
1694,-0.018750000000000155
1695,0.1312499999999997
1696,0.6937499999999999
1697,0.3374999999999995
1698,0.825
1699,0.5062499999999999
1700,0.31249999999999956
1701,0.41249999999999976
1702,0.4062500000000001
1703,0.7437499999999995
1704,0.13124999999999953
1705,0.38749999999999934
1706,0.3249999999999995
1707,0.4437499999999995
1708,0.31874999999999976
1709,0.06874999999999964
1710,0.3999999999999995
1711,0.32499999999999957
1712,0.37499999999999956
1713,0.44374999999999976
1714,0.5499999999999998
1715,0.7687499999999996
1716,0.9312499999999998
1717,0.2687499999999997
1718,0.3499999999999998
1719,0.24374999999999974
1720,0.24374999999999958
1721,0.46874999999999944
1722,0.8749999999999996
1723,0.6812499999999995
1724,0.6687499999999995
1725,0.8499999999999996
1726,0.38124999999999953
1727,0.1687499999999993
1728,0.8874999999999997
1729,0.4062499999999995
1730,0.8812499999999999
1731,0.5125
1732,0.29374999999999996
1733,0.48749999999999966
1734,0.41249999999999953
1735,0.5562499999999997
1736,-0.1625000000000002
1737,0.7562499999999999
1738,0.09374999999999972
1739,1.1687499999999997
1740,0.13749999999999996
1741,0.39999999999999963
1742,0.48124999999999973
1743,0.4687499999999999
1744,0.8937499999999998
1745,0.16874999999999946
1746,0.6749999999999996
1747,-0.15000000000000036
1748,0.7562499999999998
1749,-0.11875000000000052
1750,0.8625
1751,0.13749999999999973
1752,0.34999999999999953
1753,0.9062499999999998
1754,0.30624999999999974
1755,-0.09375000000000028
1756,0.5562499999999998
1757,0.48124999999999984
1758,0.46874999999999967
1759,0.5562499999999996
1760,0.4624999999999995
1761,0.15624999999999956
1762,0.6499999999999997
1763,-0.018750000000000544
1764,0.1687499999999994
1765,0.5874999999999997
1766,0.2187499999999996
1767,0.2812499999999998
1768,0.7125
1769,0.45624999999999977
1770,0.36249999999999966
1771,-5.551115123125783e-16
1772,0.26249999999999957
1773,0.3374999999999995
1774,0.2812499999999998
1775,0.5124999999999995
1776,-0.2687500000000005
1777,0.41249999999999976
1778,-0.4687500000000002
1779,0.6124999999999998
1780,0.21874999999999972
1781,0.5437499999999997
1782,0.6062500000000001
1783,0.012499999999999845
1784,0.3374999999999996
1785,0.29999999999999993
1786,-0.1250000000000005
1787,0.6062499999999997
1788,-0.30625000000000047
1789,0.41874999999999996
1790,0.4187499999999994
1791,0.36874999999999974
1792,0.4062499999999997
1793,0.6312499999999999
1794,-0.0437500000000004
1795,-0.08750000000000036
1796,0.1812499999999994
1797,0.12499999999999994
1798,-0.06250000000000022
1799,0.24999999999999933
1800,0.9374999999999998
1801,0.29374999999999996
1802,0.19999999999999984
1803,0.2624999999999997
1804,0.3749999999999996
1805,0.3374999999999998
1806,-0.056250000000000355
1807,0.5812499999999998
1808,1.2249999999999996
1809,0.5312500000000001
1810,0.4437499999999998
1811,0.07499999999999946
1812,0.6687499999999997
1813,0.3562499999999997
1814,0.4312499999999996
1815,0.5249999999999992
1816,0.5437499999999995
1817,0.41874999999999984
1818,1.0249999999999997
1819,0.8937499999999999
1820,0.2562499999999994
1821,0.5624999999999999
1822,0.84375
1823,0.3937499999999991
1824,0.64375
1825,1.0124999999999997
1826,0.7937499999999996
1827,0.4187499999999996
1828,0.40624999999999983
1829,1.0312499999999996
1830,0.9749999999999999
1831,0.8499999999999995
1832,0.3624999999999995
1833,0.1749999999999996
1834,0.31249999999999967
1835,-3.3306690738754696e-16
1836,-0.07500000000000029
1837,0.6437499999999998
1838,0.21874999999999956
1839,0.3749999999999996
1840,0.31249999999999944
1841,0.6124999999999997
1842,0.26249999999999957
1843,0.32499999999999984
1844,0.2249999999999997
1845,0.5562499999999997
1846,0.49374999999999974
1847,-0.17500000000000038
1848,0.8124999999999999
1849,0.4062499999999993
1850,0.2249999999999993
1851,-0.13125000000000064
1852,0.14374999999999988
1853,-0.05000000000000021
1854,0.20624999999999932
1855,0.5437499999999998
1856,0.4874999999999998
1857,0.13124999999999964
1858,0.7249999999999998
1859,0.2874999999999994
1860,0.39374999999999954
1861,0.9812499999999997
1862,0.6062499999999997
1863,0.66875
1864,0.5499999999999997
1865,-0.03125000000000033
1866,0.26249999999999957
1867,0.45624999999999966
1868,0.08749999999999997
1869,0.49374999999999974
1870,0.12499999999999961
1871,0.22499999999999987
1872,0.41249999999999953
1873,-0.11250000000000027
1874,0.11249999999999921
1875,0.09374999999999994
1876,0.8249999999999998
1877,0.6374999999999997
1878,0.5124999999999995
1879,0.29374999999999957
1880,1.1749999999999998
1881,-0.32500000000000023
1882,0.3124999999999994
1883,0.34999999999999953
1884,-0.05000000000000043
1885,0.34374999999999956
1886,0.925
1887,-0.07500000000000007
1888,0.44999999999999973
1889,0.5687499999999998
1890,0.062499999999999556
1891,0.3187499999999998
1892,0.006249999999999534
1893,0.3937499999999994
1894,0.07499999999999957
1895,0.2874999999999994
1896,0.09999999999999959
1897,0.4499999999999996
1898,0.7187499999999998
1899,0.46874999999999956
1900,-0.5687500000000005
1901,0.8249999999999995
1902,-0.20625000000000066
1903,0.8749999999999998
1904,0.7124999999999999
1905,0.5812499999999996
1906,0.23124999999999946
1907,0.2062499999999996
1908,0.28124999999999956
1909,0.6124999999999996
1910,0.3312499999999997
1911,0.6374999999999996
1912,0.4562499999999996
1913,-0.14375000000000038
1914,0.09999999999999959
1915,0.3875
1916,0.4187499999999996
1917,0.6437499999999997
1918,0.2374999999999995
1919,0.9187499999999997
1920,-0.0750000000000004
1921,0.025000000000000022
1922,-3.885780586188048e-16
1923,0.04374999999999968
1924,0.6687499999999995
1925,0.5312499999999998
1926,0.4874999999999999
1927,-0.15000000000000036
1928,0.6749999999999996
1929,0.2312499999999999
1930,0.4499999999999996
1931,0.59375
1932,0.5374999999999999
1933,0.13749999999999957
1934,0.6062499999999998
1935,0.36874999999999974
1936,0.5999999999999998
1937,0.44999999999999984
1938,0.6124999999999998
1939,0.11250000000000016
1940,0.1312499999999996
1941,0.04374999999999962
1942,0.44374999999999976
1943,0.3187499999999997
1944,0.5937499999999998
1945,0.40624999999999944
1946,0.3874999999999996
1947,0.41875000000000007
1948,0.39999999999999986
1949,0.3874999999999999
1950,0.06874999999999959
1951,0.7624999999999996
1952,0.7500000000000001
1953,0.34374999999999967
1954,-0.5375000000000004
1955,0.11249999999999949
1956,0.3812499999999998
1957,-0.40625000000000033
1958,0.875
1959,0.4562499999999997
1960,0.5062499999999999
1961,0.5624999999999999
1962,0.34374999999999956
1963,0.8562499999999998
1964,0.1687499999999995
1965,0.8999999999999999
1966,0.1999999999999994
1967,0.5187499999999996
1968,-0.08750000000000047
1969,0.8249999999999997
1970,0.4937499999999997
1971,-0.26875000000000054
1972,-0.5250000000000005
1973,0.31874999999999953
1974,-0.07500000000000046
1975,0.5624999999999998
1976,0.5874999999999997
1977,0.49999999999999967
1978,0.1624999999999996
1979,0.31874999999999964
1980,0.5499999999999995
1981,0.38749999999999984
1982,0.47500000000000003
1983,0.1875
1984,0.4749999999999997
1985,0.11874999999999969
1986,0.5812499999999997
1987,0.6312499999999996
1988,0.4249999999999995
1989,0.3437499999999994
1990,0.49374999999999997
1991,0.8249999999999998
1992,0.7812499999999998
1993,0.7874999999999995
1994,0.6874999999999994
1995,0.0812499999999996
1996,-0.06875000000000048
1997,0.29999999999999954
1998,0.36874999999999974
1999,0.2562499999999998
2000,0.7875
2001,0.7187499999999998
2002,0.5062499999999993
2003,0.4249999999999998
2004,0.2999999999999998
2005,0.2749999999999995
2006,0.2812499999999996
2007,-0.5062500000000003
2008,0.375
2009,0.2437499999999997
2010,0.31250000000000006
2011,0.41874999999999946
2012,0.7937500000000002
2013,0.6749999999999996
2014,0.7499999999999997
2015,0.26249999999999973
2016,0.3999999999999997
2017,-0.14375000000000032
2018,0.3749999999999996
2019,0.8124999999999998
2020,0.5374999999999996
2021,0.9437499999999999
2022,0.6062499999999995
2023,0.9437499999999999
2024,0.0124999999999994
2025,0.6624999999999998
2026,0.28124999999999944
2027,0.13749999999999962
2028,0.7999999999999998
2029,0.18749999999999967
2030,0.8124999999999998
2031,-0.22500000000000042
2032,0.6187499999999999
2033,0.7187499999999997
2034,0.3687499999999995
2035,0.25624999999999987
2036,0.09999999999999942
2037,0.5562500000000001
2038,0.83125
2039,0.5749999999999997
2040,0.5625
2041,1.0187499999999998
2042,0.4812499999999992
2043,0.32499999999999973
2044,0.29374999999999973
2045,0.6374999999999998
2046,0.9499999999999997
2047,-0.07500000000000034
2048,-0.3750000000000004
2049,0.2812499999999997
2050,0.16874999999999962
2051,0.60625
2052,0.6625
2053,0.4562499999999998
2054,0.55
2055,0.9374999999999998
2056,0.3812499999999997
2057,0.3937499999999999
2058,0.08749999999999963
2059,0.4062499999999999
2060,0.49374999999999986
2061,0.3187499999999996
2062,0.2499999999999996
2063,-0.01875000000000049
2064,0.7750000000000002
2065,0.6437499999999997
2066,-0.012500000000000455
2067,0.40624999999999967
2068,0.5749999999999997
2069,0.7750000000000001
2070,-0.0125000000000004
2071,0.5937499999999997
2072,0.3687499999999997
2073,0.49999999999999983
2074,-0.09375000000000028
2075,0.4062499999999996
2076,0.7124999999999997
2077,0.6437499999999996
2078,0.04374999999999962
2079,0.6124999999999998
2080,0.36249999999999954
2081,0.47499999999999964
2082,0.5312499999999993
2083,0.09374999999999978
2084,0.29374999999999996
2085,0.3999999999999997
2086,0.9312499999999997
2087,0.5624999999999994
2088,0.9624999999999997
2089,0.49375000000000013
2090,0.5624999999999998
2091,0.36249999999999977
2092,0.35
2093,0.3249999999999998
2094,-0.17500000000000032
2095,0.3374999999999999
2096,0.4625000000000001
2097,0.25624999999999987
2098,0.7499999999999997
2099,-0.08750000000000063
2100,0.28124999999999956
2101,0.3499999999999997
2102,0.5312499999999997
2103,0.12499999999999972
2104,0.12499999999999967
2105,0.7562499999999999
2106,0.9124999999999996
2107,0.3874999999999995
2108,0.4874999999999997
2109,0.4749999999999994
2110,0.2437499999999998
2111,0.4437499999999996
2112,-0.0437500000000004
2113,0.6249999999999998
2114,0.1437499999999996
2115,0.6874999999999997
2116,0.3874999999999996
2117,0.7187499999999996
2118,0.6187499999999997
2119,0.31249999999999944
2120,0.3499999999999996
2121,0.7062499999999996
2122,0.9874999999999996
2123,0.006249999999999256
2124,0.024999999999999578
2125,0.2374999999999996
2126,1.18125
2127,0.29374999999999973
2128,0.6624999999999999
2129,0.33749999999999986
2130,0.5124999999999998
2131,0.5374999999999996
2132,0.4312499999999997
2133,0.5937499999999998
2134,0.4187499999999997
2135,0.6499999999999997
2136,0.006249999999999645
2137,0.7124999999999998
2138,0.66875
2139,0.5812499999999997
2140,0.49374999999999963
2141,1.0499999999999998
2142,0.4687499999999996
2143,0.6437499999999993
2144,0.9937499999999998
2145,0.21874999999999972
2146,0.6249999999999996
2147,0.49374999999999936
2148,0.5937499999999999
2149,0.6499999999999996
2150,0.28750000000000003
2151,-0.2000000000000005
2152,-0.25000000000000044
2153,0.3874999999999995
2154,0.8124999999999996
2155,0.47499999999999976
2156,0.9499999999999996
2157,0.25624999999999953
2158,1.0499999999999998
2159,0.2937499999999994
2160,0.3999999999999999
2161,0.6375
2162,0.9312499999999998
2163,0.2937499999999995
2164,0.8874999999999995
2165,-0.28125000000000033
2166,0.5749999999999997
2167,0.5499999999999997
2168,0.06874999999999953
2169,0.3937499999999995
2170,0.45624999999999993
2171,0.5874999999999996
2172,0.24374999999999947
2173,-0.10000000000000042
2174,0.5749999999999997
2175,0.6749999999999997
2176,0.5812499999999999
2177,0.7999999999999998
2178,0.08749999999999947
2179,0.37499999999999967
2180,0.19999999999999934
2181,-0.11875000000000047
2182,0.4812499999999995
2183,0.24999999999999967
2184,-0.3875000000000006
2185,0.4249999999999995
2186,0.5249999999999999
2187,0.09999999999999926
2188,0.3374999999999996
2189,0.2437499999999999
2190,0.8874999999999997
2191,0.5749999999999996
2192,0.3249999999999996
2193,0.50625
2194,0.5874999999999996
2195,0.7624999999999997
2196,0.6749999999999998
2197,0.06249999999999961
2198,0.4249999999999994
2199,-0.2937500000000002
2200,0.1749999999999995
2201,1.0624999999999998
2202,0.28749999999999976
2203,0.5124999999999998
2204,0.46249999999999963
2205,0.84375
2206,0.6187499999999998
2207,0.5812499999999996
2208,0.2875
2209,0.6249999999999997
2210,0.41249999999999987
2211,-0.018750000000000655
2212,0.2374999999999997
2213,0.40624999999999967
2214,0.1874999999999996
2215,0.7
2216,0.3812499999999998
2217,0.5437499999999993
2218,-0.2125000000000007
2219,0.28124999999999944
2220,0.6999999999999997
2221,0.43124999999999947
2222,0.22499999999999926
2223,0.13124999999999987
2224,0.39374999999999954
2225,0.5624999999999996
2226,0.5562499999999997
2227,1.0374999999999996
2228,0.9812499999999995
2229,0.4937499999999996
2230,-0.13125000000000026
2231,0.8749999999999997
2232,0.0499999999999996
2233,0.83125
2234,0.5187499999999998
2235,0.5437499999999997
2236,0.23124999999999968
2237,0.3374999999999998
2238,0.33749999999999963
2239,1.275
2240,0.7749999999999999
2241,0.6187499999999997
2242,0.5624999999999996
2243,0.06249999999999978
2244,0.3562499999999999
2245,0.38125000000000003
2246,0.5437500000000001
2247,0.6875
2248,0.6874999999999996
2249,0.6374999999999998
2250,0.86875
2251,0.8312499999999998
2252,0.5624999999999997
2253,0.08749999999999991
2254,0.3687499999999997
2255,0.8999999999999999
2256,0.8812499999999996
2257,0.09374999999999967
2258,0.46874999999999956
2259,-0.45625000000000043
2260,0.5249999999999997
2261,0.5749999999999998
2262,0.6062499999999996
2263,0.5874999999999998
2264,0.4937499999999997
2265,0.8124999999999997
2266,0.4562499999999997
2267,0.3937499999999997
2268,-0.018750000000000433
2269,0.037499999999999534
2270,0.5249999999999997
2271,0.7187499999999996
2272,0.40624999999999967
2273,0.7437499999999996
2274,0.5624999999999994
2275,0.38749999999999973
2276,0.3624999999999995
2277,0.41874999999999973
2278,0.26874999999999966
2279,0.3812499999999997
2280,0.7999999999999999
2281,0.4062499999999998
2282,0.6062499999999995
2283,0.6437499999999998
2284,0.1937499999999997
2285,0.2562499999999997
2286,0.3562499999999999
2287,0.6124999999999998
2288,-0.2687500000000004
2289,0.9312499999999999
2290,-0.1875000000000001
2291,0.6812499999999996
2292,-0.012500000000000344
2293,0.7124999999999997
2294,0.5874999999999995
2295,0.6624999999999996
2296,0.6374999999999998
2297,0.49374999999999963
2298,0.6249999999999996
2299,0.18749999999999983
2300,0.09999999999999959
2301,0.4124999999999997
2302,0.48124999999999957
2303,0.5249999999999997
2304,0.3312499999999998
2305,0.3312499999999997
2306,-0.05625000000000019
2307,-0.15000000000000024
2308,0.3562499999999997
2309,0.5249999999999999
2310,0.21249999999999963
2311,0.4812499999999997
2312,0.5937499999999999
2313,0.3749999999999997
2314,0.41249999999999964
2315,0.3562499999999996
2316,0.45
2317,-0.08125000000000016
2318,0.1687499999999998
2319,0.6124999999999998
2320,0.5312499999999996
2321,-0.10625000000000051
2322,0.5125
2323,-0.3750000000000007
2324,0.6374999999999994
2325,0.13124999999999976
2326,0.5749999999999995
2327,0.5249999999999995
2328,0.2624999999999996
2329,0.3062499999999994
2330,0.40624999999999967
2331,0.8749999999999998
2332,0.4562499999999997
2333,0.6624999999999996
2334,0.7312499999999997
2335,0.5124999999999995
2336,0.2562499999999996
2337,0.2937499999999997
2338,0.3999999999999997
2339,0.9812499999999997
2340,0.6624999999999996
2341,0.17499999999999982
2342,0.04999999999999949
2343,0.7999999999999998
2344,0.5624999999999997
2345,0.06874999999999964
2346,0.34374999999999944
2347,0.7187499999999996
2348,0.19999999999999962
2349,0.8562499999999995
2350,0.4812499999999996
2351,0.41249999999999953
2352,0.2687499999999999
2353,0.46874999999999967
2354,0.6812499999999999
2355,0.11249999999999943
2356,0.6999999999999997
2357,0.33749999999999963
2358,-0.20625000000000054
2359,0.5874999999999998
2360,0.24374999999999936
2361,0.2062499999999996
2362,0.41874999999999996
2363,-2.7755575615628914e-16
2364,0.5062499999999996
2365,0.5499999999999995
2366,0.08124999999999977
2367,0.1874999999999996
2368,1.01875
2369,0.5999999999999996
2370,0.42499999999999977
2371,0.031249999999999334
2372,0.5312499999999993
2373,0.6749999999999998
2374,0.6187499999999997
2375,0.4937499999999996
2376,0.19374999999999953
2377,0.5437499999999995
2378,-0.16250000000000042
2379,0.27499999999999963
2380,0.7749999999999999
2381,0.27499999999999947
2382,0.13124999999999976
2383,0.1437499999999997
2384,0.08124999999999954
2385,0.3124999999999998
2386,0.06249999999999967
2387,0.7562499999999994
2388,0.14999999999999963
2389,0.2249999999999997
2390,-0.16875000000000046
2391,0.5437499999999993
2392,0.03749999999999959
2393,-0.15625000000000067
2394,0.38124999999999987
2395,0.5125
2396,0.6812499999999997
2397,0.20624999999999993
2398,0.012499999999999734
2399,0.8062499999999995
2400,0.5124999999999997
2401,0.3249999999999996
2402,0.26249999999999984
2403,0.5937499999999997
2404,-0.018750000000000155
2405,0.3124999999999998
2406,-0.043750000000000455
2407,0.5187499999999996
2408,0.60625
2409,0.27499999999999936
2410,0.1437499999999996
2411,0.7
2412,0.31874999999999964
2413,-0.03750000000000048
2414,0.7312499999999997
2415,0.6499999999999992
2416,0.5062499999999999
2417,0.9437500000000001
2418,0.1562499999999994
2419,0.09374999999999944
2420,0.6687499999999997
2421,0.8374999999999997
2422,-3.3306690738754696e-16
2423,0.5312499999999996
2424,0.8499999999999995
2425,0.5874999999999998
2426,0.8312499999999995
2427,0.48749999999999993
2428,-0.01875000000000049
2429,0.09999999999999964
2430,0.13750000000000007
2431,0.06874999999999976
2432,0.6624999999999999
2433,0.5187499999999996
2434,0.5562499999999999
2435,0.3562499999999997
2436,0.38749999999999973
2437,-0.006250000000000644
2438,0.3999999999999997
2439,0.2062499999999996
2440,0.11874999999999936
2441,0.31874999999999953
2442,0.08124999999999971
2443,0.5062499999999999
2444,0.5937499999999998
2445,0.2437499999999994
2446,0.6062499999999997
2447,0.48124999999999973
2448,0.43124999999999963
2449,0.7437500000000001
2450,0.6749999999999998
2451,0.13749999999999996
2452,0.6499999999999998
2453,0.2812499999999994
2454,0.3874999999999998
2455,-0.06250000000000033
2456,0.4062499999999998
2457,0.3687499999999996
2458,0.8187500000000001
2459,0.12499999999999944
2460,0.3624999999999997
2461,0.5249999999999997
2462,0.46249999999999947
2463,-0.006250000000000311
2464,1.0812499999999998
2465,-0.11875000000000047
2466,-0.4000000000000005
2467,0.36250000000000004
2468,0.5249999999999998
2469,-0.06250000000000033
2470,0.7562499999999996
2471,0.5999999999999998
2472,0.5687499999999996
2473,0.6124999999999994
2474,0.4062499999999996
2475,0.7562499999999999
2476,0.7937499999999997
2477,0.4312499999999996
2478,-0.03750000000000009
2479,0.1687499999999993
2480,-0.056250000000000466
2481,-0.9125000000000005
2482,0.6562499999999999
2483,-0.012500000000000289
2484,0.42499999999999954
2485,0.26874999999999977
2486,0.2812499999999993
2487,0.7062499999999998
2488,-0.018750000000000377
2489,0.2937499999999996
2490,0.14999999999999963
2491,0.3874999999999998
2492,0.4312499999999996
2493,-0.21875000000000033
2494,0.6749999999999997
2495,0.28124999999999956
2496,0.4124999999999994
2497,0.23124999999999968
2498,0.95
2499,-0.06250000000000044
2500,0.7312499999999998
2501,0.7312500000000002
2502,0.31874999999999964
2503,-0.20000000000000046
2504,0.5749999999999995
2505,0.37499999999999956
2506,0.19999999999999962
2507,0.12499999999999939
2508,0.42499999999999966
2509,0.7374999999999996
2510,0.6187499999999999
2511,0.3874999999999996
2512,0.31249999999999967
2513,0.1187499999999998
2514,0.08749999999999969
2515,0.7124999999999998
2516,0.3249999999999994
2517,0.3937499999999996
2518,0.7687499999999996
2519,0.9937499999999997
2520,0.23124999999999996
2521,0.8312499999999994
2522,0.8374999999999995
2523,0.3687499999999998
2524,-0.0250000000000003
2525,0.36874999999999963
2526,0.3187499999999997
2527,-0.03750000000000042
2528,0.42499999999999977
2529,0.06249999999999961
2530,0.4624999999999998
2531,0.36874999999999986
2532,-0.2875000000000003
2533,0.4124999999999995
2534,0.2062499999999997
2535,0.23749999999999988
2536,0.6062499999999997
2537,0.21874999999999967
2538,1.0812499999999998
2539,0.4937499999999996
2540,0.13124999999999987
2541,0.012499999999999567
2542,0.4187499999999994
2543,0.47499999999999964
2544,1.0874999999999995
2545,0.3062499999999997
2546,0.5499999999999993
2547,0.5812499999999996
2548,0.8749999999999993
2549,0.36874999999999936
2550,0.41249999999999953
2551,0.2499999999999996
2552,0.4624999999999997
2553,0.31249999999999967
2554,0.4124999999999998
2555,0.16249999999999948
2556,0.9499999999999995
2557,0.7749999999999999
2558,0.13749999999999984
2559,0.031249999999999722
2560,0.5187499999999998
2561,0.30000000000000016
2562,0.18749999999999972
2563,0.43125
2564,0.6999999999999995
2565,0.34999999999999976
2566,0.34999999999999976
2567,1.1999999999999997
2568,0.7999999999999992
2569,0.7687499999999996
2570,0.84375
2571,0.59375
2572,0.3562499999999997
2573,0.4562499999999993
2574,0.8312499999999997
2575,0.19999999999999946
2576,0.4999999999999996
2577,0.6562499999999999
2578,0.26249999999999973
2579,0.5624999999999999
2580,0.3812499999999997
2581,0.3937499999999997
2582,0.7812500000000001
2583,0.2687499999999998
2584,0.9562499999999995
2585,0.10624999999999946
2586,0.33749999999999974
2587,0.9874999999999996
2588,0.9937499999999998
2589,0.2374999999999997
2590,0.41249999999999976
2591,0.36249999999999977
2592,0.3062499999999997
2593,0.13749999999999962
2594,0.6187499999999995
2595,0.43749999999999956
2596,0.6562499999999996
2597,0.36249999999999977
2598,0.1437499999999995
2599,0.19999999999999957
2600,0.7249999999999996
2601,0.04374999999999962
2602,0.6624999999999996
2603,0.3687499999999997
2604,0.19999999999999962
2605,-0.4875000000000005
2606,0.13749999999999973
2607,0.3375000000000001
2608,0.09999999999999976
2609,0.6624999999999996
2610,0.9249999999999996
2611,0.7374999999999998
2612,0.11249999999999949
2613,0.4312499999999998
2614,0.8937499999999998
2615,0.49374999999999986
2616,0.07499999999999946
2617,0.5874999999999995
2618,0.4124999999999997
2619,0.5249999999999997
2620,1.0374999999999996
2621,-0.21875000000000044
2622,0.29999999999999943
2623,0.3624999999999994
2624,0.4249999999999992
2625,0.44999999999999996
2626,0.5562499999999995
2627,-0.0687500000000007
2628,0.15624999999999956
2629,0.2937499999999996
2630,0.3749999999999995
2631,1.0812499999999996
2632,0.34374999999999967
2633,-0.03750000000000053
2634,0.6499999999999999
2635,0.25624999999999953
2636,0.6062499999999995
2637,0.5749999999999997
2638,-0.16250000000000053
2639,0.38749999999999957
2640,0.48124999999999934
2641,0.11874999999999941
2642,-0.16250000000000037
2643,0.2062499999999996
2644,0.23749999999999954
2645,0.7062499999999996
2646,0.22499999999999998
2647,0.5312499999999998
2648,0.8187499999999999
2649,0.25624999999999987
2650,0.4312499999999996
2651,0.49374999999999986
2652,0.40624999999999956
2653,-0.006250000000000422
2654,0.75
2655,0.4374999999999995
2656,0.6062499999999995
2657,0.38124999999999964
2658,0.6187499999999997
2659,0.5812499999999997
2660,0.6749999999999998
2661,0.19999999999999973
2662,0.7499999999999997
2663,0.4187499999999996
2664,0.13749999999999984
2665,0.4062499999999996
2666,0.23749999999999966
2667,0.74375
2668,0.81875
2669,0.5749999999999997
2670,0.018749999999999656
2671,0.39374999999999966
2672,0.4749999999999996
2673,0.2437499999999998
2674,0.9749999999999999
2675,0.6124999999999997
2676,0.1999999999999994
2677,0.6499999999999998
2678,1.2312500000000002
2679,0.18749999999999944
2680,0.23749999999999977
2681,0.5562499999999998
2682,0.29374999999999984
2683,0.4500000000000001
2684,0.8250000000000001
2685,0.7312499999999995
2686,0.11874999999999947
2687,0.41249999999999964
2688,0.6249999999999997
2689,0.14374999999999982
2690,0.5874999999999999
2691,0.7249999999999996
2692,0.24374999999999986
2693,0.1312499999999996
2694,0.4124999999999997
2695,0.13749999999999973
2696,0.2874999999999997
2697,0.09374999999999933
2698,0.13749999999999962
2699,0.3437499999999997
2700,0.6624999999999998
2701,0.19374999999999942
2702,0.5312499999999993
2703,0.7687499999999996
2704,0.2749999999999998
2705,0.17499999999999977
2706,0.30624999999999947
2707,0.2999999999999994
2708,0.6812499999999997
2709,0.4499999999999996
2710,0.7874999999999998
2711,0.29374999999999984
2712,0.16249999999999953
2713,0.6562499999999993
2714,0.09374999999999956
2715,1.0749999999999997
2716,0.9499999999999997
2717,0.5499999999999998
2718,0.6687499999999996
2719,0.8250000000000002
2720,0.2562499999999996
2721,-0.24375000000000013
2722,0.5812499999999997
2723,0.4749999999999997
2724,0.5812499999999998
2725,0.1374999999999994
2726,0.21249999999999952
2727,0.8499999999999999
2728,0.4937499999999996
2729,0.47499999999999987
2730,0.7499999999999998
2731,0.45624999999999993
2732,0.19999999999999957
2733,1.0812499999999998
2734,1.2499999999999998
2735,-0.12500000000000044
2736,0.4562499999999997
2737,0.2687499999999998
2738,0.10624999999999973
2739,0.8062499999999997
2740,0.9687499999999999
2741,0.7249999999999998
2742,1.1125
2743,0.2124999999999997
2744,0.4874999999999997
2745,0.38749999999999957
2746,0.46249999999999963
2747,0.15624999999999978
2748,0.15624999999999967
2749,0.9624999999999997
2750,0.22499999999999976
2751,0.4812499999999998
2752,-0.1750000000000005
2753,0.39999999999999963
2754,-0.4625000000000006
2755,0.3687499999999996
2756,0.6249999999999996
2757,0.27499999999999947
2758,0.11874999999999925
2759,-0.18125000000000063
2760,0.6374999999999995
2761,0.8749999999999996
2762,0.875
2763,0.5937499999999993
2764,0.6624999999999996
2765,0.5249999999999999
2766,-0.3000000000000005
2767,0.20624999999999966
2768,0.13749999999999984
2769,0.575
2770,0.7874999999999996
2771,0.6624999999999994
2772,0.8999999999999999
2773,0.1812499999999997
2774,-0.012500000000000233
2775,0.08749999999999974
2776,0.5749999999999997
2777,0.34374999999999967
2778,0.4999999999999998
2779,0.3437499999999998
2780,0.5437499999999997
2781,-0.018750000000000266
2782,0.37499999999999967
2783,0.8562500000000001
2784,0.5687499999999996
2785,0.21249999999999963
2786,0.2124999999999997
2787,0.3999999999999998
2788,0.6812499999999996
2789,0.34999999999999937
2790,1.0374999999999999
2791,0.8687499999999997
2792,0.5999999999999999
2793,0.7374999999999994
2794,1.0875
2795,1.0499999999999998
2796,-0.031250000000000555
2797,0.2624999999999997
2798,0.26874999999999954
2799,0.8312499999999994
2800,0.1312499999999996
2801,0.2687499999999997
2802,0.5124999999999995
2803,0.10624999999999946
2804,0.6499999999999996
2805,-0.15625000000000022
2806,0.18124999999999963
2807,0.31249999999999944
2808,0.6937499999999998
2809,0.7749999999999999
2810,-0.031250000000000444
2811,0.5374999999999995
2812,0.75
2813,0.43124999999999963
2814,0.9312499999999997
2815,0.11249999999999966
2816,0.8937499999999996
2817,0.5749999999999998
2818,0.3312499999999997
2819,-0.2000000000000003
2820,0.3187499999999996
2821,-2.220446049250313e-16
2822,-0.025000000000000244
2823,0.6812499999999997
2824,0.2437499999999997
2825,0.3437499999999996
2826,0.39374999999999954
2827,0.7874999999999996
2828,1.06875
2829,0.4999999999999997
2830,0.45624999999999966
2831,0.34374999999999933
2832,0.4562499999999999
2833,0.2374999999999995
2834,0.9999999999999994
2835,0.7687499999999996
2836,0.3187499999999998
2837,0.69375
2838,0.8749999999999998
2839,0.8124999999999998
2840,0.4124999999999998
2841,0.5312499999999996
2842,0.6874999999999994
2843,0.4562499999999997
2844,-0.21250000000000036
2845,0.16249999999999976
2846,0.6937499999999995
2847,0.34999999999999987
2848,0.3749999999999998
2849,-0.3312500000000005
2850,0.15624999999999967
2851,0.6437499999999998
2852,0.8812499999999996
2853,0.7374999999999998
2854,0.28125
2855,0.2812499999999994
2856,0.5937499999999993
2857,-0.1750000000000005
2858,0.46874999999999983
2859,0.85
2860,0.7249999999999996
2861,0.8437499999999998
2862,0.47499999999999964
2863,0.14374999999999927
2864,0.5312499999999998
2865,0.6187499999999997
2866,0.3687499999999997
2867,0.012499999999999623
2868,0.5062499999999998
2869,0.24374999999999963
2870,0.1812499999999997
2871,0.1874999999999995
2872,0.6249999999999997
2873,0.29374999999999973
2874,-0.03750000000000048
2875,0.48124999999999957
2876,0.6499999999999999
2877,-0.16875000000000046
2878,0.9562499999999996
2879,0.1749999999999997
2880,0.6374999999999997
2881,0.6687499999999996
2882,0.31874999999999976
2883,0.3874999999999996
2884,0.5499999999999997
2885,0.6812499999999998
2886,0.5999999999999996
2887,0.5874999999999997
2888,0.27499999999999963
2889,0.3125
2890,0.5062499999999994
2891,0.1874999999999996
2892,-0.09375000000000067
2893,0.8687499999999997
2894,0.7874999999999996
2895,-0.1812500000000007
2896,0.8624999999999998
2897,0.2874999999999998
2898,0.4124999999999998
2899,0.07499999999999957
2900,0.6374999999999997
2901,0.6249999999999998
2902,-0.5125000000000004
2903,-0.03750000000000031
2904,0.33124999999999966
2905,0.16874999999999946
2906,0.6687499999999996
2907,0.41874999999999934
2908,-0.10625000000000034
2909,0.4562499999999997
2910,0.012499999999999623
2911,0.8125
2912,-0.16250000000000037
2913,0.5187499999999998
2914,0.25
2915,-0.01250000000000051
2916,0.3624999999999997
2917,0.1624999999999997
2918,0.11874999999999958
2919,0.5624999999999996
2920,0.4187499999999998
2921,0.9812499999999995
2922,0.7124999999999998
2923,0.2562499999999997
2924,0.07499999999999946
2925,0.6999999999999997
2926,0.4124999999999995
2927,0.6062499999999995
2928,0.4187499999999999
2929,-0.40625000000000033
2930,0.09999999999999998
2931,0.30624999999999974
2932,0.9999999999999998
2933,0.24374999999999997
2934,0.08749999999999974
2935,0.7812499999999996
2936,0.47499999999999987
2937,0.9062499999999996
2938,0.85
2939,0.6249999999999994
2940,0.4749999999999996
2941,0.5374999999999998
2942,0.24999999999999967
2943,-0.08125000000000043
2944,0.6749999999999996
2945,0.4062499999999996
2946,0.3374999999999995
2947,0.3062499999999999
2948,0.19374999999999964
2949,0.34374999999999983
2950,0.7124999999999995
2951,0.5124999999999998
2952,0.7687499999999998
2953,0.6499999999999997
2954,-0.46875000000000033
2955,-0.031250000000000444
2956,0.7624999999999998
2957,0.5749999999999995
2958,0.5312499999999996
2959,0.08749999999999963
2960,0.4874999999999998
2961,0.46874999999999967
2962,0.34999999999999976
2963,0.8687499999999998
2964,0.7624999999999998
2965,0.26874999999999943
2966,0.3624999999999997
2967,0.25000000000000006
2968,0.5562499999999999
2969,0.6562499999999998
2970,0.7374999999999999
2971,0.6499999999999997
2972,0.2687499999999997
2973,0.6312499999999999
2974,0.30624999999999963
2975,0.14999999999999936
2976,0.2187499999999995
2977,0.9249999999999998
2978,0.5312499999999998
2979,0.39374999999999977
2980,0.8874999999999995
2981,0.22499999999999987
2982,0.04999999999999971
2983,0.49374999999999963
2984,0.42499999999999943
2985,-0.1625000000000002
2986,0.24374999999999958
2987,0.3312499999999998
2988,-0.6187500000000007
2989,0.4499999999999999
2990,-0.16250000000000048
2991,-0.018750000000000544
2992,0.3187499999999995
2993,1.1499999999999997
2994,-0.03750000000000048
2995,0.6624999999999996
2996,0.41874999999999957
2997,0.6937499999999996
2998,-0.1500000000000003
2999,0.31249999999999944
3000,0.41249999999999953
3001,0.8374999999999998
3002,0.31249999999999956
3003,0.45624999999999966
3004,0.3187500000000001
3005,0.44374999999999987
3006,0.5937499999999996
3007,0.6374999999999995
3008,0.04999999999999971
3009,0.2187499999999996
3010,-0.10625000000000057
3011,0.006249999999999867
3012,0.9
3013,0.47499999999999964
3014,0.8187499999999994
3015,0.47499999999999976
3016,0.6624999999999998
3017,-0.10000000000000031
3018,-0.0062500000000002
3019,-0.03125000000000028
3020,0.6062500000000001
3021,0.3062499999999998
3022,0.28749999999999953
3023,0.6999999999999993
3024,0.2624999999999997
3025,0.6062499999999995
3026,0.42499999999999966
3027,0.1749999999999996
3028,0.6562499999999996
3029,0.37499999999999967
3030,0.9062499999999996
3031,0.1562499999999996
3032,0.7999999999999996
3033,0.2374999999999996
3034,0.03749999999999942
3035,0.46249999999999963
3036,0.4624999999999996
3037,0.29999999999999993
3038,0.3374999999999999
3039,0.53125
3040,0.46874999999999944
3041,0.2437499999999998
3042,0.39375000000000004
3043,-0.3687500000000005
3044,-0.07500000000000034
3045,0.7000000000000002
3046,0.4812499999999998
3047,0.5374999999999998
3048,0.8124999999999998
3049,0.31249999999999956
3050,0.7874999999999998
3051,0.08124999999999954
3052,0.5312499999999997
3053,0.16249999999999948
3054,0.46874999999999983
3055,0.5374999999999999
3056,0.7249999999999996
3057,0.062499999999999556
3058,0.4499999999999994
3059,0.21874999999999983
3060,0.29374999999999946
3061,0.16874999999999962
3062,0.3624999999999995
3063,-0.056250000000000244
3064,0.8374999999999997
3065,0.8874999999999997
3066,1.1249999999999996
3067,0.9249999999999999
3068,-0.07500000000000001
3069,0.33124999999999977
3070,0.30624999999999936
3071,0.5374999999999996
3072,0.5812499999999998
3073,0.45624999999999954
3074,0.0562499999999998
3075,-0.20625000000000054
3076,0.31249999999999956
3077,0.11249999999999966
3078,0.09374999999999961
3079,0.08124999999999943
3080,0.7749999999999997
3081,0.9124999999999999
3082,-0.4875000000000006
3083,0.4499999999999996
3084,0.7999999999999997
3085,0.4312499999999996
3086,0.3437499999999995
3087,0.3374999999999997
3088,0.35624999999999996
3089,-0.4187500000000006
3090,0.4562499999999995
3091,0.6187499999999997
3092,0.4437499999999998
3093,0.4562499999999995
3094,0.6062499999999998
3095,0.7499999999999998
3096,0.06249999999999961
3097,0.2812499999999993
3098,0.21874999999999933
3099,0.5124999999999997
3100,0.6187499999999999
3101,0.5687499999999996
3102,1.1874999999999998
3103,0.3437499999999998
3104,0.11874999999999974
3105,0.6812499999999997
3106,0.3937499999999997
3107,0.5937499999999998
3108,0.4687499999999997
3109,0.21874999999999972
3110,0.6249999999999996
3111,0.4062499999999996
3112,0.3874999999999996
3113,0.7124999999999995
3114,0.4562499999999997
3115,0.7687499999999997
3116,0.04999999999999949
3117,0.4187499999999999
3118,0.6624999999999996
3119,0.23124999999999957
3120,0.2312499999999994
3121,0.2687499999999995
3122,0.46249999999999974
3123,0.6375
3124,0.5062499999999996
3125,0.19999999999999973
3126,0.41249999999999964
3127,0.7625
3128,0.7937499999999996
3129,0.5374999999999995
3130,-0.07500000000000018
3131,0.07499999999999934
3132,0.031249999999999778
3133,0.8562499999999995
3134,0.43124999999999963
3135,-0.04375000000000068
3136,0.5249999999999995
3137,0.6562499999999999
3138,0.5062499999999999
3139,0.45
3140,0.46249999999999963
3141,0.48749999999999943
3142,0.3624999999999997
3143,0.70625
3144,0.2812499999999996
3145,0.5812499999999994
3146,0.9124999999999998
3147,0.4187499999999999
3148,0.5624999999999998
3149,0.14999999999999963
3150,0.3749999999999998
3151,0.8062499999999999
3152,0.11874999999999963
3153,0.21249999999999986
3154,0.9187499999999996
3155,0.4249999999999997
3156,0.2812499999999995
3157,0.2187500000000001
3158,0.6749999999999998
3159,0.7562499999999996
3160,0.07499999999999946
3161,0.49374999999999947
3162,1.0499999999999996
3163,0.16249999999999987
3164,0.8749999999999996
3165,0.012499999999999734
3166,0.5687499999999996
3167,0.6749999999999997
3168,0.5499999999999997
3169,0.5499999999999996
3170,0.48124999999999973
3171,0.8062499999999998
3172,0.33749999999999963
3173,0.43124999999999947
3174,0.39999999999999986
3175,0.14999999999999952
3176,0.3687499999999996
3177,0.48124999999999984
3178,0.3812499999999997
3179,0.14374999999999954
3180,-0.21875000000000028
3181,0.2812499999999996
3182,0.06874999999999964
3183,0.7874999999999999
3184,0.5249999999999996
3185,0.3249999999999997
3186,0.2874999999999998
3187,0.2624999999999995
3188,0.03749999999999942
3189,0.4062499999999995
3190,0.4874999999999996
3191,0.7624999999999995
3192,0.3999999999999997
3193,0.6562499999999998
3194,0.7062499999999998
3195,-0.2625000000000004
3196,0.7374999999999997
3197,0.1374999999999998
3198,0.32499999999999957
3199,0.7312499999999997
3200,0.24999999999999967
3201,1.0624999999999998
3202,0.4124999999999997
3203,0.4812499999999995
3204,0.7624999999999997
3205,0.44374999999999987
3206,0.24374999999999958
3207,-0.03750000000000048
3208,0.4749999999999997
3209,0.19999999999999968
3210,0.8624999999999996
3211,0.4562499999999997
3212,0.31874999999999976
3213,0.4374999999999997
3214,0.6249999999999997
3215,0.2374999999999997
3216,0.3937499999999998
3217,0.5624999999999996
3218,0.2062499999999997
3219,0.5187499999999998
3220,0.5874999999999998
3221,0.25625
3222,0.4312499999999996
3223,0.29999999999999966
3224,0.43749999999999944
3225,0.19999999999999962
3226,0.06874999999999959
3227,0.09999999999999976
3228,0.7124999999999997
3229,0.7437499999999999
3230,0.5249999999999997
3231,0.5562499999999998
3232,0.7437499999999999
3233,0.1499999999999999
3234,0.5
3235,0.3999999999999997
3236,0.44999999999999957
3237,0.3687499999999994
3238,0.4437499999999995
3239,0.43749999999999933
3240,0.46249999999999947
3241,0.44999999999999934
3242,0.2937499999999993
3243,0.2999999999999997
3244,0.6312499999999995
3245,0.2562499999999996
3246,0.4062499999999999
3247,0.22499999999999987
3248,0.8437499999999998
3249,-0.06250000000000017
3250,0.89375
3251,0.6249999999999994
3252,0.6687499999999998
3253,0.10624999999999968
3254,0.35624999999999984
3255,-0.26875000000000027
3256,0.09374999999999956
3257,0.3687499999999993
3258,0.7624999999999997
3259,0.43124999999999974
3260,0.6437499999999997
3261,0.9874999999999999
3262,1.3125
3263,0.13749999999999973
3264,0.5062499999999999
3265,0.13124999999999953
3266,0.7937499999999998
3267,0.46874999999999967
3268,0.24374999999999958
3269,0.3249999999999997
3270,0.6937499999999999
3271,0.5624999999999996
3272,0.25624999999999953
3273,0.062499999999999445
3274,0.5562500000000001
3275,1.0312499999999996
3276,0.46249999999999986
3277,0.5687499999999999
3278,0.7812499999999998
3279,0.9374999999999996
3280,0.1437499999999997
3281,0.23124999999999984
3282,0.4249999999999995
3283,0.3937499999999999
3284,0.36874999999999963
3285,0.36249999999999954
3286,0.7124999999999992
3287,0.4187499999999998
3288,0.5812499999999996
3289,0.48749999999999993
3290,0.2999999999999997
3291,0.4624999999999998
3292,0.2624999999999994
3293,0.43749999999999933
3294,0.2624999999999997
3295,0.26249999999999984
3296,-0.05625000000000019
3297,0.03124999999999989
3298,0.7374999999999998
3299,0.39999999999999947
3300,0.9499999999999996
3301,1.0249999999999997
3302,0.3624999999999998
3303,0.47499999999999953
3304,1.1312499999999996
3305,0.18749999999999933
3306,0.3874999999999998
3307,0.34999999999999937
3308,0.6499999999999997
3309,0.006249999999999589
3310,-0.3625000000000003
3311,0.7624999999999995
3312,0.5249999999999998
3313,0.6687499999999997
3314,0.9437499999999999
3315,0.4499999999999998
3316,-0.15000000000000058
3317,0.2499999999999995
3318,0.08749999999999958
3319,0.1812499999999998
3320,0.22499999999999964
3321,0.9187499999999995
3322,0.5812499999999999
3323,0.2124999999999994
3324,0.5624999999999997
3325,0.46875
3326,0.18749999999999967
3327,0.13749999999999962
3328,0.13749999999999957
3329,0.23124999999999973
3330,0.5312499999999996
3331,0.6124999999999998
3332,1.0062499999999996
3333,0.4437499999999998
3334,-0.4875000000000006
3335,0.2562499999999997
3336,0.9437499999999999
3337,0.2124999999999998
3338,0.37499999999999944
3339,-0.40625000000000033
3340,0.9999999999999998
3341,0.1437499999999996
3342,0.46874999999999983
3343,-0.09375000000000044
3344,0.6687499999999995
3345,0.7125000000000002
3346,0.7812499999999997
3347,-0.2062500000000006
3348,0.4624999999999997
3349,0.7499999999999996
3350,0.2874999999999995
3351,0.2437499999999998
3352,0.01874999999999938
3353,0.3499999999999999
3354,0.012499999999999345
3355,0.68125
3356,0.7437499999999999
3357,0.4624999999999997
3358,0.75625
3359,0.39999999999999963
3360,-0.14375000000000016
3361,0.06874999999999964
3362,0.9124999999999996
3363,0.2999999999999995
3364,0.8874999999999998
3365,0.5499999999999995
3366,0.6749999999999999
3367,0.4249999999999998
3368,0.9812499999999998
3369,0.8187499999999996
3370,0.4874999999999997
3371,1.0624999999999996
3372,0.26874999999999966
3373,-0.10000000000000042
3374,0.8124999999999999
3375,0.1562499999999995
3376,0.26874999999999966
3377,0.06874999999999964
3378,0.45624999999999966
3379,0.42499999999999966
3380,0.1562499999999994
3381,0.5312499999999996
3382,0.475
3383,-0.006250000000000477
3384,0.49374999999999963
3385,0.7124999999999995
3386,0.8562499999999997
3387,0.3687499999999997
3388,0.41249999999999987
3389,0.5562499999999997
3390,0.5249999999999995
3391,0.3749999999999997
3392,0.29999999999999977
3393,0.13124999999999976
3394,0.75
3395,0.09374999999999978
3396,0.6124999999999998
3397,0.4312499999999998
3398,0.2562499999999996
3399,0.25624999999999953
3400,0.35624999999999996
3401,0.19374999999999964
3402,0.4625
3403,0.3062499999999997
3404,0.6062499999999998
3405,0.5624999999999998
3406,0.2437499999999997
3407,1.0812499999999998
3408,0.975
3409,0.23124999999999968
3410,0.38124999999999964
3411,0.5062499999999998
3412,0.1312499999999997
3413,0.15624999999999956
3414,0.5812499999999996
3415,0.6187499999999996
3416,0.49375000000000013
3417,0.73125
3418,0.1999999999999993
3419,0.7187499999999998
3420,0.6062499999999997
3421,-0.0937500000000005
3422,-0.11250000000000043
3423,0.35624999999999984
3424,0.024999999999999523
3425,0.26874999999999993
3426,0.024999999999999578
3427,0.27499999999999986
3428,0.5249999999999997
3429,1.3062499999999995
3430,0.16874999999999968
3431,0.9437499999999996
3432,-0.18750000000000067
3433,0.4874999999999996
3434,0.6999999999999994
3435,1.06875
3436,0.45625000000000004
3437,0.23749999999999977
3438,0.5874999999999995
3439,0.21249999999999947
3440,0.5312499999999998
3441,0.2812499999999996
3442,0.2812499999999997
3443,0.3187499999999997
3444,-0.26875000000000077
3445,0.03125000000000022
3446,0.5312499999999996
3447,0.8062499999999999
3448,0.48750000000000004
3449,0.39374999999999977
3450,0.54375
3451,0.4937499999999994
3452,0.4312499999999996
3453,0.07499999999999973
3454,0.6124999999999995
3455,0.6437499999999997
3456,0.6124999999999996
3457,0.4937499999999996
3458,0.6625000000000001
3459,0.6937499999999999
3460,-0.012500000000000344
3461,0.2374999999999996
3462,0.5124999999999995
3463,0.3499999999999997
3464,0.3999999999999996
3465,0.3687499999999997
3466,0.4312499999999998
3467,0.45624999999999977
3468,0.22499999999999976
3469,0.4124999999999994
3470,0.4624999999999996
3471,-0.006250000000000533
3472,0.5874999999999999
3473,0.8562499999999997
3474,0.7999999999999998
3475,1.0874999999999995
3476,0.6437499999999994
3477,0.5749999999999995
3478,0.012499999999999623
3479,0.13124999999999976
3480,0.08124999999999943
3481,0.7062499999999998
3482,0.21874999999999967
3483,0.4312499999999999
3484,0.1374999999999998
3485,0.7062499999999997
3486,0.20624999999999982
3487,0.09374999999999961
3488,0.3437499999999996
3489,0.3999999999999997
3490,0.7124999999999995
3491,0.32500000000000007
3492,0.8999999999999995
3493,0.5124999999999995
3494,0.24999999999999978
3495,0.2999999999999998
3496,0.7937499999999995
3497,0.7437499999999998
3498,0.5249999999999997
3499,0.4249999999999998
3500,0.8562499999999998
3501,0.7437499999999996
3502,-0.06875000000000042
3503,-0.0187500000000006
3504,0.21874999999999967
3505,0.16249999999999942
3506,0.3374999999999997
3507,-0.025000000000000577
3508,0.18124999999999952
3509,0.41874999999999984
3510,0.8125000000000002
3511,0.46249999999999986
3512,0.53125
3513,0.06874999999999992
3514,-0.1625000000000002
3515,0.18749999999999944
3516,0.21874999999999944
3517,0.7749999999999997
3518,0.15624999999999944
3519,0.8249999999999995
3520,0.11874999999999969
3521,0.20624999999999954
3522,0.12499999999999956
3523,0.95
3524,0.4437499999999997
3525,0.3749999999999996
3526,0.9562499999999998
3527,0.4562499999999997
3528,1.0937499999999996
3529,0.21249999999999974
3530,1.0874999999999997
3531,-0.10625000000000029
3532,0.6124999999999996
3533,0.5374999999999996
3534,0.5624999999999998
3535,0.4937499999999999
3536,0.48749999999999966
3537,0.8749999999999997
3538,0.4562500000000002
3539,0.18749999999999972
3540,0.024999999999999578
3541,0.5187499999999998
3542,0.03124999999999939
3543,0.3562499999999996
3544,0.6375
3545,0.2874999999999996
3546,0.26874999999999927
3547,0.41249999999999976
3548,0.6874999999999998
3549,0.3437499999999997
3550,0.11874999999999969
3551,0.5124999999999997
3552,0.8312499999999994
3553,0.062499999999999445
3554,0.23124999999999984
3555,-0.03750000000000042
3556,0.3437499999999994
3557,0.4624999999999998
3558,0.48749999999999954
3559,0.8812499999999996
3560,0.6937499999999998
3561,0.4812499999999998
3562,0.8249999999999997
3563,-0.42500000000000043
3564,0.23749999999999954
3565,0.5437499999999993
3566,0.47499999999999964
3567,0.6499999999999999
3568,0.8812499999999999
3569,0.4187499999999998
3570,0.21875000000000006
3571,0.3812500000000001
3572,0.10624999999999973
3573,0.3124999999999996
3574,0.5687499999999998
3575,0.5874999999999995
3576,0.018749999999999822
3577,0.2312499999999994
3578,0.5749999999999997
3579,0.9187499999999997
3580,0.31249999999999994
3581,-5.551115123125783e-16
3582,0.1874999999999999
3583,0.6562499999999996
3584,0.5062499999999995
3585,0.4874999999999995
3586,0.024999999999999578
3587,0.4312499999999998
3588,1.24375
3589,0.8749999999999996
3590,0.37499999999999967
3591,0.3624999999999996
3592,0.26874999999999966
3593,0.04999999999999938
3594,0.6499999999999996
3595,0.1687499999999995
3596,0.5999999999999999
3597,0.10624999999999973
3598,0.08124999999999988
3599,0.2374999999999996
3600,0.6062499999999996
3601,0.8312499999999996
3602,0.32499999999999957
3603,0.7937499999999997
3604,0.7187499999999998
3605,0.17499999999999954
3606,0.6124999999999998
3607,0.33124999999999993
3608,0.12499999999999983
3609,0.2437499999999994
3610,0.8812499999999996
3611,0.59375
3612,-0.15000000000000063
3613,0.33124999999999966
3614,0.5749999999999997
3615,0.09374999999999956
3616,0.33124999999999993
3617,0.15624999999999944
3618,0.4562499999999996
3619,0.4687499999999995
3620,0.39999999999999963
3621,0.6874999999999996
3622,1.0687499999999999
3623,0.44999999999999957
3624,0.7499999999999996
3625,0.12499999999999967
3626,0.5874999999999998
3627,0.09999999999999942
3628,0.3500000000000001
3629,0.19374999999999942
3630,1.0499999999999998
3631,0.6937499999999999
3632,0.09999999999999981
3633,0.3687499999999995
3634,0.5124999999999997
3635,0.4249999999999995
3636,0.7187499999999998
3637,0.6062499999999997
3638,0.5624999999999997
3639,0.2499999999999994
3640,0.5749999999999998
3641,0.6937499999999994
3642,0.4437499999999996
3643,0.34374999999999983
3644,0.5687499999999995
3645,0.2937499999999997
3646,0.6562499999999998
3647,0.5624999999999999
3648,0.6187499999999997
3649,0.04999999999999982
3650,0.043749999999999456
3651,0.7999999999999996
3652,0.07499999999999929
3653,0.7999999999999999
3654,0.2312499999999993
3655,0.4812499999999996
3656,0.09374999999999928
3657,0.7874999999999998
3658,0.8187499999999999
3659,0.5124999999999997
3660,0.7562499999999999
3661,0.3874999999999994
3662,0.8499999999999999
3663,0.8937499999999999
3664,1.04375
3665,0.7937499999999998
3666,0.018749999999999822
3667,0.4999999999999998
3668,0.6312499999999999
3669,0.46874999999999994
3670,0.21874999999999944
3671,0.024999999999999634
3672,0.1562499999999994
3673,0.29999999999999943
3674,0.43749999999999956
3675,0.7687499999999996
3676,0.5437499999999997
3677,0.8437499999999998
3678,0.6249999999999998
3679,-0.08750000000000013
3680,0.16249999999999992
3681,0.4124999999999998
3682,0.4749999999999996
3683,0.49374999999999947
3684,0.6749999999999997
3685,0.37499999999999956
3686,-0.06250000000000039
3687,0.44374999999999976
3688,0.13124999999999987
3689,0.5062499999999996
3690,0.9999999999999997
3691,0.7562499999999996
3692,0.6687499999999996
3693,0.6249999999999994
3694,-0.16250000000000053
3695,0.7124999999999998
3696,0.5999999999999996
3697,0.13124999999999964
3698,0.32499999999999996
3699,0.1749999999999997
3700,0.1812499999999993
3701,0.5437499999999997
3702,0.5062499999999995
3703,0.8187499999999994
3704,0.3187499999999993
3705,0.8437500000000002
3706,0.11249999999999988
3707,0.6187499999999997
3708,0.3062499999999994
3709,-0.26875000000000066
3710,0.5437499999999997
3711,0.9437499999999996
3712,0.4749999999999997
3713,0.3374999999999997
3714,0.6749999999999994
3715,-0.13750000000000062
3716,0.11249999999999954
3717,0.3999999999999997
3718,0.23749999999999982
3719,0.0999999999999997
3720,0.32499999999999973
3721,0.08124999999999993
3722,0.6874999999999996
3723,0.2187499999999996
3724,0.25
3725,0.3687499999999996
3726,0.3687499999999998
3727,0.35624999999999946
3728,0.012499999999999567
3729,0.2124999999999999
3730,0.1624999999999997
3731,0.2062499999999996
3732,1.1312499999999996
3733,0.5437499999999995
3734,0.7937499999999998
3735,-0.08750000000000013
3736,0.16874999999999962
3737,0.7187499999999997
3738,0.5124999999999994
3739,0.8937499999999998
3740,0.2749999999999998
3741,0.6937499999999996
3742,0.6437499999999997
3743,0.6374999999999997
3744,0.5062499999999999
3745,0.18124999999999986
3746,0.4999999999999999
3747,-0.2875000000000004
3748,0.5062499999999998
3749,0.4312499999999994
3750,0.3124999999999996
3751,0.5312499999999996
3752,-0.07500000000000051
3753,0.3812499999999994
3754,0.38124999999999976
3755,-0.11875000000000063
3756,0.2999999999999997
3757,0.33749999999999947
3758,0.33124999999999993
3759,0.41874999999999973
3760,0.5687499999999998
3761,0.5124999999999997
3762,0.6749999999999998
3763,0.11874999999999969
3764,0.41874999999999973
3765,0.33124999999999966
3766,-0.06250000000000056
3767,0.5249999999999997
3768,0.15624999999999972
3769,0.45624999999999977
3770,-0.18125000000000063
3771,0.2812499999999997
3772,0.7124999999999999
3773,1.0374999999999996
3774,0.23124999999999984
3775,-0.025000000000000466
3776,0.03749999999999987
3777,0.34999999999999964
3778,0.6062499999999997
3779,0.1062499999999994
3780,0.5437499999999995
3781,0.7999999999999998
3782,0.9312499999999999
3783,0.3374999999999999
3784,0.7624999999999997
3785,0.23750000000000004
3786,0.6812499999999997
3787,0.8312499999999998
3788,0.3562499999999997
3789,0.29999999999999993
3790,0.037499999999999534
3791,0.24999999999999983
3792,1.3312499999999998
3793,0.2812499999999996
3794,0.48124999999999957
3795,-0.3437500000000003
3796,0.06249999999999967
3797,1.275
3798,0.38125000000000003
3799,0.6812499999999997
3800,-0.06875000000000048
3801,0.7499999999999998
3802,0.23124999999999957
3803,0.7187499999999999
3804,0.4312499999999997
3805,0.6
3806,0.6187499999999996
3807,0.46249999999999974
3808,0.5812499999999994
3809,0.48124999999999984
3810,-0.16250000000000053
3811,0.2499999999999996
3812,0.9499999999999997
3813,0.6937499999999996
3814,0.16874999999999973
3815,0.5562499999999996
3816,0.6562499999999996
3817,0.031249999999999334
3818,0.41874999999999973
3819,-0.36875000000000047
3820,0.3624999999999995
3821,0.5249999999999995
3822,0.5312499999999999
3823,0.7499999999999998
3824,0.09374999999999961
3825,0.6937499999999999
3826,0.7874999999999998
3827,0.6875000000000001
3828,-0.1187500000000003
3829,0.7062499999999998
3830,0.7999999999999998
3831,0.2874999999999997
3832,0.006249999999999145
3833,0.06874999999999953
3834,0.08749999999999969
3835,0.34374999999999956
3836,0.6562499999999998
3837,0.6249999999999997
3838,0.7250000000000002
3839,0.5999999999999998
3840,0.14374999999999954
3841,0.006249999999999811
3842,0.3062499999999998
3843,0.16249999999999976
3844,0.1499999999999994
3845,0.8875
3846,0.7124999999999997
3847,1.2874999999999999
3848,0.11874999999999969
3849,0.39999999999999974
3850,0.7687499999999997
3851,1.1812500000000001
3852,0.18749999999999944
3853,0.6499999999999996
3854,0.6437499999999996
3855,0.5499999999999996
3856,0.33749999999999963
3857,0.48749999999999993
3858,0.8499999999999999
3859,0.31874999999999953
3860,0.21874999999999967
3861,0.5749999999999997
3862,0.6562499999999997
3863,0.46249999999999974
3864,0.21250000000000002
3865,0.46249999999999963
3866,0.9499999999999997
3867,0.06874999999999953
3868,0.38124999999999976
3869,0.2812499999999993
3870,-0.31875000000000075
3871,0.2937499999999997
3872,0.4249999999999995
3873,0.012499999999999678
3874,0.5687500000000001
3875,0.3812499999999998
3876,0.41249999999999953
3877,0.7374999999999998
3878,0.06874999999999987
3879,-0.2312500000000003
3880,0.39374999999999966
3881,0.8249999999999996
3882,0.7625
3883,0.2812499999999997
3884,0.6999999999999998
3885,0.38749999999999957
3886,0.6249999999999993
3887,0.13124999999999964
3888,-0.1437500000000005
3889,0.29999999999999966
3890,0.5999999999999995
3891,0.5312499999999994
3892,0.18124999999999947
3893,0.2374999999999995
3894,0.8124999999999997
3895,0.21249999999999963
3896,0.28124999999999944
3897,0.5375
3898,-0.1250000000000005
3899,0.5937499999999996
3900,0.19999999999999962
3901,0.4937499999999998
3902,0.5812499999999998
3903,0.3624999999999996
3904,0.3437499999999999
3905,0.32499999999999973
3906,0.25624999999999937
3907,0.16249999999999937
3908,-0.006250000000000255
3909,0.4937499999999995
3910,0.24374999999999963
3911,0.5812499999999997
3912,0.43749999999999994
3913,0.91875
3914,0.1124999999999996
3915,0.2187499999999996
3916,0.2812499999999999
3917,0.4624999999999996
3918,0.23749999999999943
3919,0.11874999999999963
3920,0.5999999999999999
3921,0.1437499999999996
3922,0.9499999999999997
3923,0.49374999999999986
3924,0.78125
3925,1.0812499999999998
3926,0.3437499999999996
3927,0.6687499999999997
3928,0.49374999999999936
3929,0.46249999999999947
3930,0.33749999999999963
3931,0.5749999999999997
3932,0.21249999999999958
3933,0.7687499999999996
3934,0.23124999999999934
3935,0.41249999999999926
3936,0.5749999999999997
3937,0.6374999999999997
3938,0.05624999999999947
3939,0.5749999999999998
3940,0.03749999999999959
3941,0.38124999999999964
3942,0.9124999999999998
3943,0.3687499999999998
3944,0.6562499999999998
3945,0.5124999999999997
3946,0.21249999999999963
3947,0.2624999999999997
3948,0.2999999999999995
3949,-0.18125000000000058
3950,-0.21250000000000002
3951,0.73125
3952,0.8937499999999998
3953,0.043749999999999456
3954,-0.14375000000000038
3955,0.2687499999999999
3956,0.5874999999999999
3957,0.5187499999999999
3958,0.2624999999999996
3959,0.4937499999999999
3960,0.5124999999999996
3961,0.3124999999999998
3962,0.5499999999999996
3963,0.40624999999999983
3964,0.79375
3965,0.2562499999999996
3966,0.7687499999999996
3967,0.3312499999999997
3968,0.5249999999999995
3969,0.7124999999999999
3970,0.14374999999999977
3971,0.6437499999999996
3972,0.3624999999999999
3973,0.5874999999999999
3974,0.7499999999999998
3975,0.3374999999999998
3976,0.3999999999999996
3977,-0.10000000000000048
3978,0.7374999999999998
3979,0.36249999999999954
3980,0.2874999999999993
3981,0.3937499999999996
3982,0.6624999999999996
3983,0.46874999999999967
3984,0.4499999999999999
3985,0.84375
3986,1.1999999999999997
3987,0.0499999999999996
3988,0.6187499999999999
3989,0.6812499999999999
3990,0.31874999999999964
3991,0.7499999999999997
3992,-4.440892098500626e-16
3993,0.5562499999999995
3994,0.8624999999999996
3995,0.3812499999999999
3996,0.2312499999999998
3997,0.5312499999999999
3998,0.6437499999999998
3999,0.49374999999999986
4000,0.4937499999999997
4001,0.6999999999999995
4002,0.39374999999999954
4003,0.3937499999999997
4004,0.6499999999999997
4005,0.9437499999999999
4006,0.6999999999999998
4007,0.48124999999999946
4008,0.44999999999999984
4009,0.4312499999999997
4010,0.45624999999999966
4011,0.2874999999999994
4012,1.0687499999999999
4013,-0.09999999999999998
4014,0.3187499999999995
4015,0.5374999999999994
4016,0.6062499999999997
4017,0.2624999999999998
4018,0.5874999999999997
4019,0.43749999999999956
4020,-0.08125000000000066
4021,0.44374999999999976
4022,0.09374999999999944
4023,0.7125
4024,1.0687499999999999
4025,0.7062499999999999
4026,0.1999999999999995
4027,0.14374999999999943
4028,0.47499999999999964
4029,0.5437499999999995
4030,0.5249999999999999
4031,0.6437499999999996
4032,-0.11875000000000047
4033,0.4062499999999998
4034,0.08124999999999977
4035,0.3187499999999997
4036,-0.018750000000000322
4037,-0.2875000000000001
4038,0.18749999999999933
4039,0.4499999999999997
4040,0.5187499999999994
4041,0.8937499999999992
4042,0.4937499999999999
4043,0.6687499999999997
4044,-0.2375000000000007
4045,0.06874999999999959
4046,0.9562499999999998
4047,0.23124999999999973
4048,0.5624999999999996
4049,0.21874999999999978
4050,0.20624999999999938
4051,0.0562499999999998
4052,0.6249999999999996
4053,0.44374999999999987
4054,-0.09375000000000033
4055,0.21249999999999974
4056,0.8124999999999998
4057,0.3374999999999998
4058,0.5124999999999997
4059,0.21874999999999967
4060,0.4312499999999997
4061,0.6749999999999999
4062,0.3687499999999995
4063,-0.0250000000000003
4064,0.3499999999999998
4065,0.73125
4066,0.3749999999999998
4067,0.4062499999999998
4068,0.2249999999999998
4069,0.7687499999999996
4070,0.5687499999999994
4071,0.8249999999999997
4072,0.2812499999999998
4073,0.037499999999999756
4074,0.5062499999999993
4075,0.2937499999999995
4076,0.3499999999999995
4077,-0.1937500000000002
4078,0.8750000000000002
4079,0.2749999999999996
4080,0.5562499999999997
4081,1.0187499999999998
4082,0.4749999999999996
4083,0.08124999999999938
4084,0.19999999999999946
4085,0.4312499999999997
4086,0.7124999999999999
4087,0.24374999999999958
4088,0.031249999999999667
4089,0.6499999999999997
4090,0.4874999999999997
4091,0.2374999999999996
4092,0.4875000000000002
4093,0.3499999999999995
4094,0.5749999999999998
4095,0.7874999999999994
4096,0.22499999999999987
4097,0.22499999999999953
4098,0.2999999999999996
4099,0.5187499999999998
4100,0.6499999999999999
4101,0.3999999999999996
4102,0.2312499999999998
4103,0.2499999999999994
4104,0.3749999999999998
4105,0.31874999999999976
4106,0.7187499999999998
4107,0.47499999999999964
4108,0.34374999999999956
4109,0.41874999999999957
4110,0.6937500000000001
4111,0.21249999999999986
4112,0.2562499999999996
4113,0.10624999999999962
4114,0.7812499999999998
4115,0.012499999999999789
4116,0.5312499999999996
4117,0.21875
4118,0.6062499999999996
4119,0.6562499999999997
4120,0.5499999999999996
4121,0.4937499999999995
4122,0.44374999999999964
4123,0.31249999999999983
4124,0.8062499999999999
4125,0.49999999999999983
4126,0.9437499999999999
4127,0.35624999999999984
4128,0.12499999999999967
4129,1.175
4130,0.7124999999999995
4131,0.19999999999999934
4132,0.37499999999999956
4133,0.6687499999999998
4134,0.5187499999999998
4135,0.043749999999999456
4136,0.4687499999999999
4137,0.06874999999999953
4138,-0.1062500000000004
4139,0.44999999999999923
4140,0.22499999999999953
4141,0.4749999999999993
4142,0.7749999999999999
4143,0.6687499999999998
4144,0.41874999999999946
4145,0.22499999999999976
4146,0.8187499999999999
4147,0.8749999999999996
4148,0.7749999999999995
4149,0.6062499999999996
4150,0.37500000000000006
4151,0.43125
4152,0.34374999999999967
4153,0.8062499999999997
4154,0.5562499999999996
4155,0.23124999999999973
4156,0.3499999999999998
4157,0.7062499999999996
4158,0.4999999999999998
4159,0.34375
4160,-0.30625000000000024
4161,0.0999999999999997
4162,-0.3625000000000003
4163,0.13749999999999984
4164,0.7437499999999997
4165,0.7187499999999997
4166,0.22499999999999964
4167,0.15624999999999978
4168,0.1624999999999996
4169,0.7687499999999999
4170,0.3812499999999994
4171,0.5874999999999995
4172,0.6874999999999999
4173,0.18749999999999972
4174,0.6499999999999999
4175,0.6312499999999998
4176,0.8687499999999997
4177,0.7812499999999996
4178,0.6499999999999997
4179,0.4187499999999997
4180,0.30624999999999963
4181,0.8124999999999998
4182,0.21874999999999972
4183,0.1437499999999995
4184,0.3374999999999998
4185,0.28749999999999987
4186,0.43749999999999983
4187,0.9312500000000002
4188,0.18749999999999944
4189,0.024999999999999467
4190,0.6687499999999997
4191,0.3937499999999998
4192,0.8187499999999996
4193,0.2937499999999996
4194,-0.025000000000000355
4195,0.19999999999999946
4196,0.6312499999999999
4197,0.11249999999999954
4198,0.02499999999999969
4199,0.34999999999999937
4200,0.8874999999999995
4201,0.6062499999999997
4202,0.6062499999999997
4203,-0.0250000000000003
4204,0.43124999999999963
4205,0.6562499999999997
4206,0.7687499999999998
4207,0.7437499999999997
4208,1.0187499999999998
4209,0.2749999999999998
4210,0.5937499999999996
4211,-0.03125000000000028
4212,0.40624999999999967
4213,0.8187499999999998
4214,0.4124999999999996
4215,0.6124999999999996
4216,0.9937499999999997
4217,0.44375
4218,0.1312499999999993
4219,0.5312499999999996
4220,0.5937499999999998
4221,0.5624999999999996
4222,0.04374999999999957
4223,0.5249999999999995
4224,0.28124999999999956
4225,0.08124999999999993
4226,0.06249999999999939
4227,0.07499999999999968
4228,0.3937499999999999
4229,0.3937499999999996
4230,0.6499999999999999
4231,0.6937499999999996
4232,0.13749999999999984
4233,0.11874999999999986
4234,0.38749999999999946
4235,0.3124999999999996
4236,0.4000000000000001
4237,0.23124999999999962
4238,0.3187499999999995
4239,0.5687499999999994
4240,0.4749999999999997
4241,0.5999999999999999
4242,0.27499999999999974
4243,0.8125
4244,0.4562499999999999
4245,0.6124999999999998
4246,0.2375000000000001
4247,0.26249999999999984
4248,0.3812499999999996
4249,0.25624999999999937
4250,-0.4437500000000004
4251,0.14999999999999952
4252,0.28124999999999983
4253,-0.1437500000000006
4254,0.47499999999999953
4255,0.8812499999999996
4256,0.4312499999999997
4257,0.47499999999999953
4258,0.6562499999999996
4259,0.6062499999999997
4260,0.6375
4261,0.34374999999999967
4262,0.09999999999999926
4263,0.35624999999999973
4264,0.3249999999999997
4265,0.5812499999999998
4266,0.31874999999999964
4267,0.32499999999999957
4268,0.7312499999999998
4269,0.7562499999999999
4270,0.44375
4271,0.9499999999999997
4272,0.6187499999999995
4273,0.3374999999999999
4274,0.8437499999999993
4275,0.6124999999999998
4276,0.05624999999999958
4277,0.7124999999999995
4278,0.38749999999999934
4279,0.2749999999999996
4280,0.19999999999999968
4281,0.29999999999999966
4282,0.08124999999999966
4283,0.8499999999999994
4284,0.5187499999999997
4285,0.9812499999999998
4286,0.20624999999999966
4287,0.43749999999999994
4288,0.22499999999999948
4289,0.5250000000000001
4290,-0.1125000000000006
4291,0.19374999999999942
4292,0.6999999999999994
4293,1.0812499999999998
4294,0.5687499999999995
4295,0.4124999999999997
4296,0.4749999999999998
4297,0.7312499999999996
4298,0.29374999999999984
4299,0.3999999999999997
4300,-0.1000000000000002
4301,0.5249999999999994
4302,0.2749999999999993
4303,0.7687499999999997
4304,0.7687499999999998
4305,-0.20000000000000046
4306,-0.46875000000000056
4307,0.23749999999999954
4308,0.050000000000000044
4309,0.7187499999999999
4310,0.7437499999999996
4311,0.5562499999999997
4312,0.0624999999999995
4313,0.6187499999999997
4314,0.85625
4315,0.7499999999999996
4316,0.44374999999999953
4317,0.34374999999999967
4318,0.9749999999999996
4319,0.2749999999999995
4320,0.2437499999999997
4321,0.5374999999999998
4322,0.043749999999999345
4323,0.38124999999999937
4324,0.5124999999999998
4325,0.6499999999999995
4326,0.5562499999999998
4327,0.8374999999999998
4328,1.0562499999999995
4329,0.5062499999999996
4330,1.0249999999999997
4331,0.40624999999999967
4332,0.4187499999999995
4333,-0.16875000000000046
4334,0.15624999999999978
4335,0.6437499999999994
4336,0.006249999999999756
4337,0.5562499999999998
4338,0.4437499999999998
4339,0.8312499999999998
4340,0.14374999999999988
4341,-0.2062500000000005
4342,0.1999999999999999
4343,0.2312499999999995
4344,0.38124999999999976
4345,0.18749999999999967
4346,0.5937499999999991
4347,0.6375
4348,0.5749999999999998
4349,0.45625000000000004
4350,0.7187499999999998
4351,0.40625
4352,0.8812499999999999
4353,0.7062499999999996
4354,0.7874999999999996
4355,0.24375000000000002
4356,0.5562499999999997
4357,0.48749999999999966
4358,0.3999999999999995
4359,0.4312499999999997
4360,0.03749999999999948
4361,0.6062499999999995
4362,0.5062499999999996
4363,0.9749999999999998
4364,0.5624999999999998
4365,0.9312499999999999
4366,-0.24375000000000052
4367,0.7312499999999996
4368,0.2624999999999999
4369,1.0812500000000003
4370,0.4625
4371,0.1749999999999995
4372,0.6687499999999993
4373,0.20625
4374,0.2812499999999996
4375,0.03749999999999959
4376,0.2749999999999997
4377,-0.0062500000000002
4378,0.8499999999999994
4379,0.23124999999999962
4380,0.2062499999999997
4381,0.7499999999999997
4382,0.06249999999999967
4383,0.44999999999999973
4384,0.4062499999999997
4385,0.5437499999999994
4386,0.2937499999999997
4387,-0.15625000000000044
4388,0.5499999999999996
4389,0.20624999999999977
4390,0.049999999999999545
4391,1.0874999999999997
4392,0.12499999999999933
4393,-0.10000000000000048
4394,0.3687499999999998
4395,0.08124999999999954
4396,0.5687499999999999
4397,0.3499999999999998
4398,0.18124999999999952
4399,-0.4625000000000004
4400,0.16874999999999996
4401,0.6749999999999997
4402,-0.11875000000000041
4403,0.38124999999999976
4404,0.5624999999999998
4405,0.28749999999999976
4406,0.7249999999999998
4407,0.03749999999999948
4408,0.3374999999999998
4409,-0.08125000000000038
4410,0.5874999999999997
4411,0.6249999999999993
4412,0.024999999999999578
4413,0.3687499999999997
4414,0.5312499999999997
4415,0.26874999999999993
4416,0.6062499999999997
4417,0.9999999999999999
4418,0.18749999999999944
4419,0.5562499999999997
4420,0.06874999999999964
4421,0.21874999999999994
4422,0.47499999999999964
4423,0.48124999999999957
4424,0.4937499999999993
4425,0.3812499999999999
4426,-0.11250000000000038
4427,0.4562499999999997
4428,0.36249999999999993
4429,0.23124999999999962
4430,0.4187499999999999
4431,-0.006250000000000422
4432,-0.09375000000000039
4433,0.44374999999999953
4434,0.7499999999999996
4435,0.4999999999999998
4436,0.2812499999999999
4437,0.6312499999999993
4438,0.7374999999999996
4439,0.8687499999999999
4440,0.08124999999999954
4441,0.0249999999999998
4442,0.44999999999999973
4443,0.9937499999999997
4444,0.15624999999999967
4445,0.8624999999999998
4446,-0.11875000000000024
4447,-0.018750000000000266
4448,0.6937499999999999
4449,0.5437499999999997
4450,0.7437499999999998
4451,0.5062499999999995
4452,0.7249999999999996
4453,1.0937499999999998
4454,0.05624999999999941
4455,0.3999999999999996
4456,0.5624999999999992
4457,0.8000000000000002
4458,1.05625
4459,0.09374999999999961
4460,-0.03750000000000048
4461,0.3437499999999995
4462,0.5499999999999996
4463,0.09999999999999953
4464,0.8312499999999994
4465,-4.996003610813204e-16
4466,0.24374999999999958
4467,0.7187499999999996
4468,0.08124999999999954
4469,0.46249999999999986
4470,0.5249999999999995
4471,0.6749999999999997
4472,-0.006250000000000422
4473,0.41249999999999964
4474,0.1499999999999997
4475,0.5187499999999998
4476,0.86875
4477,0.6687499999999996
4478,0.6124999999999996
4479,0.7562499999999996
4480,0.4124999999999997
4481,0.6874999999999997
4482,1.1124999999999996
4483,0.09374999999999983
4484,0.5062499999999996
4485,0.5499999999999998
4486,0.1124999999999996
4487,0.06249999999999972
4488,0.16249999999999976
4489,1.3375000000000001
4490,0.10624999999999951
4491,0.25624999999999953
4492,0.34375
4493,0.5562499999999998
4494,0.5624999999999996
4495,0.13124999999999987
4496,0.24374999999999963
4497,0.6499999999999995
4498,0.6812499999999999
4499,0.2937499999999996
4500,-0.16250000000000053
4501,1.11875
4502,-0.06875000000000042
4503,0.10624999999999934
4504,0.4249999999999995
4505,0.5374999999999999
4506,0.13749999999999962
4507,0.2562499999999993
4508,0.6499999999999996
4509,0.36874999999999947
4510,0.4562499999999998
4511,0.11874999999999936
4512,0.7187499999999997
4513,0.4312499999999996
4514,0.3562499999999998
4515,0.12499999999999967
4516,0.40625
4517,0.4874999999999999
4518,0.07499999999999951
4519,0.3999999999999997
4520,-0.18125000000000052
4521,0.47499999999999976
4522,0.1312499999999996
4523,0.5937499999999998
4524,0.4062499999999997
4525,0.2374999999999997
4526,0.3375
4527,0.3124999999999998
4528,0.43749999999999944
4529,0.39999999999999936
4530,0.3062499999999999
4531,0.4499999999999995
4532,0.2999999999999996
4533,0.3874999999999996
4534,0.48125000000000007
4535,-0.1375000000000004
4536,0.6374999999999994
4537,0.8499999999999996
4538,0.23749999999999966
4539,0.5749999999999995
4540,0.44374999999999964
4541,0.4500000000000001
4542,0.043749999999999845
4543,0.6187499999999995
4544,1.1062499999999997
4545,0.6812499999999996
4546,0.5874999999999999
4547,0.19999999999999934
4548,0.43124999999999997
4549,0.3249999999999996
4550,0.8062499999999998
4551,0.3687499999999996
4552,0.4187499999999993
4553,0.3437499999999998
4554,0.06874999999999981
4555,0.7499999999999996
4556,0.6249999999999997
4557,0.53125
4558,0.8624999999999998
4559,0.6437499999999997
4560,-0.08125000000000054
4561,0.71875
4562,1.0125
4563,0.018749999999999434
4564,-0.1812500000000007
4565,0.5375
4566,1.11875
4567,0.6124999999999999
4568,0.6249999999999996
4569,0.7562499999999999
4570,0.24999999999999994
4571,0.25624999999999976
4572,0.9749999999999999
4573,0.012499999999999567
4574,0.4124999999999993
4575,0.32499999999999973
4576,0.1999999999999994
4577,0.6499999999999999
4578,0.6249999999999996
4579,0.43124999999999963
4580,0.6999999999999997
4581,0.8187500000000001
4582,0.4312499999999996
4583,0.3999999999999997
4584,0.8312499999999998
4585,0.24374999999999958
4586,0.8187499999999995
4587,-0.15625000000000078
4588,0.7187499999999996
4589,0.49999999999999956
4590,0.031249999999999445
4591,0.7249999999999996
4592,0.4437499999999994
4593,0.49374999999999974
4594,0.5812499999999996
4595,-0.1812500000000007
4596,0.09999999999999948
4597,0.42499999999999966
4598,0.18749999999999967
4599,0.08124999999999954
4600,0.5187499999999997
4601,0.2687499999999993
4602,0.46875000000000006
4603,0.8062499999999997
4604,0.35624999999999984
4605,0.8124999999999999
4606,0.8937499999999998
4607,0.34999999999999964
4608,-0.4187500000000004
4609,0.6812499999999994
4610,0.5374999999999999
4611,0.5187499999999998
4612,0.46249999999999986
4613,0.43124999999999986
4614,0.7312499999999996
4615,0.5312499999999998
4616,0.26249999999999973
4617,0.43749999999999967
4618,0.3499999999999996
4619,1.03125
4620,0.2187499999999995
4621,0.5374999999999996
4622,0.5749999999999996
4623,1.0437500000000004
4624,0.5874999999999995
4625,0.275
4626,0.5124999999999995
4627,0.6374999999999997
4628,0.7124999999999997
4629,0.93125
4630,0.3874999999999996
4631,0.7874999999999999
4632,0.45624999999999977
4633,0.9187499999999998
4634,0.5499999999999997
4635,0.7687499999999998
4636,0.33749999999999974
4637,0.925
4638,0.5187499999999996
4639,0.09374999999999967
4640,0.39999999999999963
4641,0.5687499999999996
4642,0.5812499999999998
4643,0.4812499999999997
4644,0.9562499999999996
4645,0.6875000000000001
4646,0.32499999999999973
4647,0.29374999999999934
4648,0.4937499999999996
4649,-0.21250000000000047
4650,0.7249999999999999
4651,0.7437499999999999
4652,0.14999999999999963
4653,0.4312499999999999
4654,0.8812499999999998
4655,0.2812499999999997
4656,0.8999999999999997
4657,0.7999999999999998
4658,0.4187499999999997
4659,0.3437499999999996
4660,-0.03125000000000011
4661,0.5437499999999996
4662,0.11874999999999997
4663,0.4562499999999998
4664,-1.1102230246251565e-16
4665,0.28749999999999976
4666,0.6249999999999998
4667,-0.03125000000000033
4668,0.675
4669,0.9562499999999996
4670,0.11249999999999943
4671,0.575
4672,0.18749999999999972
4673,-0.16875000000000023
4674,0.5562499999999997
4675,0.9999999999999998
4676,0.5437499999999995
4677,0.26874999999999993
4678,0.44374999999999976
4679,0.2124999999999997
4680,0.6312499999999996
4681,0.1812499999999993
4682,0.8187499999999994
4683,0.3437499999999995
4684,0.17499999999999943
4685,0.6999999999999996
4686,0.6499999999999996
4687,0.6999999999999998
4688,0.21249999999999958
4689,0.8999999999999997
4690,0.04374999999999962
4691,0.5562499999999999
4692,0.6187499999999994
4693,0.1749999999999997
4694,1.0499999999999998
4695,0.5999999999999996
4696,0.1749999999999997
4697,0.8749999999999998
4698,0.8249999999999997
4699,-0.19375000000000053
4700,0.18124999999999958
4701,0.7187499999999996
4702,0.16874999999999968
4703,0.5249999999999999
4704,0.6312499999999996
4705,0.39999999999999974
4706,0.3812499999999998
4707,0.68125
4708,0.06874999999999959
4709,0.28749999999999964
4710,0.21874999999999944
4711,0.3062499999999995
4712,0.031249999999999722
4713,0.34999999999999953
4714,0.0187499999999996
4715,0.14999999999999958
4716,0.031249999999999556
4717,0.8687499999999999
4718,-0.006250000000000477
4719,1.1249999999999998
4720,1.13125
4721,0.6124999999999998
4722,0.2624999999999996
4723,0.4624999999999998
4724,0.63125
4725,0.10624999999999957
4726,0.4249999999999998
4727,0.6562499999999999
4728,0.5750000000000002
4729,0.6437499999999994
4730,0.1624999999999998
4731,0.9062499999999996
4732,0.18749999999999983
4733,0.1374999999999995
4734,0.7749999999999997
4735,0.7374999999999997
4736,0.11874999999999947
4737,0.34374999999999956
4738,0.5687499999999994
4739,0.36249999999999954
4740,0.0374999999999997
4741,0.031249999999999445
4742,0.4374999999999998
4743,0.5249999999999996
4744,0.1749999999999997
4745,0.031249999999999556
4746,0.2999999999999998
4747,-0.2125000000000007
4748,0.1624999999999996
4749,0.006249999999999589
4750,0.6312499999999999
4751,0.35624999999999973
4752,0.47499999999999976
4753,0.8374999999999997
4754,0.4749999999999999
4755,0.5749999999999995
4756,0.4249999999999996
4757,0.4812499999999996
4758,0.46874999999999956
4759,0.4187499999999995
4760,0.6187499999999999
4761,0.4249999999999997
4762,0.06874999999999959
4763,0.11874999999999941
4764,0.39374999999999993
4765,0.2687499999999997
4766,0.8874999999999997
4767,-0.04375000000000051
4768,0.6624999999999998
4769,0.3687499999999997
4770,0.5624999999999997
4771,0.4812499999999995
4772,0.24374999999999958
4773,1.1187499999999997
4774,0.5749999999999997
4775,0.7249999999999999
4776,0.12499999999999983
4777,0.2749999999999997
4778,0.6749999999999996
4779,0.11249999999999977
4780,0.54375
4781,0.6312500000000001
4782,-0.06250000000000056
4783,0.46874999999999983
4784,0.4562499999999996
4785,0.6624999999999999
4786,0.18124999999999952
4787,1.075
4788,0.69375
4789,0.35
4790,-0.13750000000000034
4791,0.36874999999999936
4792,0.05625000000000013
4793,0.8187499999999994
4794,0.3749999999999994
4795,-0.05000000000000043
4796,0.7874999999999996
4797,0.4124999999999996
4798,0.18749999999999967
4799,0.38749999999999984
4800,0.19374999999999976
4801,0.83125
4802,0.2312499999999999
4803,0.33124999999999977
4804,0.018749999999999933
4805,0.49999999999999956
4806,0.06249999999999983
4807,0.48749999999999993
4808,0.13749999999999984
4809,-0.018750000000000155
4810,0.1249999999999995
4811,0.5999999999999996
4812,0.19374999999999976
4813,0.06874999999999948
4814,0.14999999999999974
4815,0.2812499999999995
4816,0.41249999999999976
4817,-0.09375000000000033
4818,0.01874999999999971
4819,0.30624999999999986
4820,0.2562499999999997
4821,-0.16875000000000046
4822,0.3749999999999996
4823,0.65625
4824,0.5562499999999995
4825,0.4312499999999998
4826,0.33749999999999963
4827,0.3999999999999998
4828,0.2874999999999995
4829,0.7249999999999995
4830,0.2312499999999994
4831,0.08124999999999993
4832,0.6999999999999998
4833,0.7812499999999998
4834,0.7562499999999996
4835,0.5249999999999995
4836,0.8687499999999997
4837,0.8187499999999998
4838,0.44374999999999987
4839,0.19374999999999987
4840,0.24375000000000002
4841,0.5187499999999996
4842,0.2999999999999996
4843,0.19999999999999973
4844,0.6312499999999998
4845,0.36874999999999947
4846,1.1750000000000003
4847,0.5312499999999996
4848,0.3624999999999998
4849,0.25624999999999953
4850,0.22499999999999948
4851,0.14374999999999966
4852,0.32499999999999957
4853,0.9874999999999997
4854,0.26874999999999966
4855,0.2062499999999997
4856,0.46874999999999967
4857,0.5874999999999995
4858,0.5874999999999995
4859,0.17499999999999982
4860,0.7249999999999999
4861,0.5687499999999996
4862,0.23749999999999966
4863,0.42499999999999943
4864,0.38124999999999976
4865,0.8562499999999995
4866,0.6374999999999995
4867,0.48124999999999973
4868,0.7937499999999998
4869,0.5812499999999994
4870,0.49374999999999936
4871,-0.03750000000000031
4872,0.043749999999999456
4873,0.4999999999999997
4874,0.5562499999999999
4875,0.9249999999999996
4876,0.6187499999999996
4877,0.36874999999999986
4878,0.6437499999999999
4879,-0.33750000000000036
4880,0.45625000000000004
4881,0.2312499999999995
4882,0.6249999999999998
4883,0.43124999999999963
4884,0.3874999999999996
4885,0.5812499999999998
4886,0.4937499999999995
4887,0.5374999999999996
4888,0.38124999999999987
4889,0.2937499999999997
4890,0.4062499999999997
4891,-0.012500000000000289
4892,0.5562499999999992
4893,0.5437499999999995
4894,0.31249999999999983
4895,0.9062499999999998
4896,0.26249999999999957
4897,0.8562499999999997
4898,0.46874999999999956
4899,0.18749999999999944
4900,0.5687499999999994
4901,0.29374999999999973
4902,0.04374999999999968
4903,0.4124999999999995
4904,0.6624999999999995
4905,-0.0187500000000006
4906,0.3749999999999996
4907,0.4999999999999997
4908,0.3999999999999996
4909,0.5437500000000001
4910,0.3437499999999997
4911,0.7312500000000002
4912,0.46874999999999956
4913,-0.06250000000000044
4914,0.5874999999999997
4915,0.16249999999999948
4916,0.11874999999999963
4917,0.23749999999999966
4918,0.5812499999999995
4919,-0.1375000000000005
4920,0.7937499999999997
4921,0.4624999999999999
4922,0.08749999999999936
4923,0.06874999999999976
4924,0.5249999999999997
4925,0.24999999999999972
4926,0.7124999999999997
4927,0.5624999999999998
4928,0.4249999999999996
4929,0.1312499999999997
4930,0.2374999999999996
4931,0.3187499999999999
4932,1.1062499999999997
4933,0.1437499999999995
4934,0.28749999999999964
4935,0.15624999999999967
4936,0.5437499999999996
4937,0.5312499999999998
4938,0.09999999999999998
4939,0.5624999999999994
4940,-0.3312500000000005
4941,1.0124999999999997
4942,0.28749999999999976
4943,0.3374999999999995
4944,0.5999999999999996
4945,0.07499999999999968
4946,0.49999999999999967
4947,0.6562499999999998
4948,-0.006250000000000311
4949,-0.2812500000000005
4950,0.1875
4951,0.9187499999999993
4952,0.5749999999999998
4953,0.3812499999999996
4954,0.09999999999999953
4955,0.46874999999999994
4956,0.19999999999999984
4957,0.5874999999999997
4958,0.10624999999999984
4959,0.9249999999999998
4960,-0.1625000000000003
4961,0.2999999999999995
4962,1.1562499999999996
4963,0.7812499999999998
4964,0.8312499999999998
4965,0.5374999999999999
4966,0.1312499999999997
4967,0.44999999999999946
4968,0.5499999999999994
4969,0.18124999999999963
4970,0.7812499999999998
4971,0.5562499999999997
4972,0.1562499999999994
4973,0.7687499999999997
4974,0.3374999999999996
4975,0.6749999999999998
4976,0.54375
4977,-0.1500000000000008
4978,0.7437499999999997
4979,0.8562499999999997
4980,0.26249999999999946
4981,0.7062499999999996
4982,0.3749999999999997
4983,0.11874999999999952
4984,0.3312499999999993
4985,0.46874999999999967
4986,0.33749999999999947
4987,-0.2312500000000005
4988,0.4874999999999995
4989,0.23749999999999954
4990,0.5187499999999998
4991,0.7749999999999995
4992,0.4124999999999999
4993,0.1374999999999995
4994,0.40624999999999967
4995,0.41874999999999984
4996,0.2749999999999995
4997,0.5062499999999996
4998,0.4187499999999996
4999,0.6874999999999998
5000,-0.5750000000000006
5001,0.9187499999999995
5002,-0.06875000000000037
5003,0.5624999999999998
5004,0.6874999999999996
5005,0.3624999999999995
5006,0.7374999999999998
5007,0.6624999999999995
5008,0.7249999999999995
5009,0.3812499999999999
5010,0.7624999999999995
5011,0.4562499999999998
5012,0.625
5013,0.2624999999999997
5014,0.9687499999999997
5015,0.35624999999999984
5016,-0.10625000000000034
5017,0.6875000000000002
5018,0.3624999999999999
5019,1.2062499999999994
5020,0.39999999999999947
5021,-0.18750000000000056
5022,0.31874999999999964
5023,0.33124999999999977
5024,0.6187499999999998
5025,0.37499999999999983
5026,0.3999999999999997
5027,0.3124999999999995
5028,0.41874999999999946
5029,0.6437499999999997
5030,-0.018750000000000266
5031,0.5749999999999997
5032,0.8312499999999996
5033,0.7562499999999995
5034,0.6062499999999997
5035,0.7187499999999993
5036,0.5937499999999998
5037,0.7124999999999997
5038,0.5062499999999996
5039,0.07499999999999957
5040,0.3499999999999997
5041,0.8374999999999997
5042,0.5374999999999996
5043,0.5812499999999998
5044,0.2812499999999997
5045,0.03124999999999989
5046,0.7312499999999996
5047,0.09999999999999953
5048,-0.08750000000000069
5049,0.5374999999999996
5050,0.45624999999999977
5051,0.44374999999999976
5052,0.50625
5053,0.2374999999999996
5054,0.15624999999999967
5055,0.1624999999999996
5056,0.2562499999999996
5057,0.43749999999999944
5058,0.14374999999999966
5059,0.21874999999999922
5060,-0.06250000000000039
5061,0.19999999999999957
5062,0.5624999999999997
5063,0.5999999999999999
5064,0.2562499999999996
5065,0.7437499999999997
5066,-0.11250000000000038
5067,0.8562499999999997
5068,0.37499999999999983
5069,0.38124999999999987
5070,0.11874999999999963
5071,0.6874999999999998
5072,-0.03125000000000033
5073,0.47499999999999964
5074,0.15624999999999967
5075,0.65625
5076,0.3062499999999999
5077,0.6437499999999997
5078,1.0187499999999994
5079,-0.1750000000000005
5080,0.3874999999999994
5081,0.06874999999999981
5082,0.22499999999999992
5083,1.0187499999999996
5084,-0.012500000000000289
5085,0.8374999999999999
5086,0.4312499999999995
5087,0.7874999999999998
5088,0.5374999999999995
5089,0.3249999999999996
5090,0.5437499999999996
5091,0.47500000000000003
5092,0.18124999999999952
5093,0.23749999999999966
5094,0.9187499999999993
5095,0.25624999999999987
5096,0.24999999999999956
5097,0.5312499999999998
5098,0.5124999999999997
5099,0.78125
5100,0.6624999999999994
5101,0.5249999999999997
5102,0.34999999999999987
5103,0.5374999999999996
5104,0.5124999999999997
5105,-0.07500000000000007
5106,0.44374999999999976
5107,0.6749999999999998
5108,0.13749999999999946
5109,0.5562499999999997
5110,0.9312499999999996
5111,0.25624999999999976
5112,0.5062499999999996
5113,0.07499999999999984
5114,0.5125
5115,-0.0187500000000006
5116,0.55
5117,0.18749999999999967
5118,-0.2562500000000001
5119,0.6812499999999999
5120,0.6624999999999996
5121,0.04999999999999949
5122,0.43124999999999974
5123,0.21249999999999952
5124,0.9937499999999998
5125,0.7999999999999998
5126,0.5499999999999995
5127,0.3937499999999997
5128,1.0437499999999997
5129,0.18124999999999936
5130,0.19374999999999976
5131,-0.37500000000000044
5132,0.7312499999999994
5133,0.7749999999999998
5134,0.6312499999999996
5135,0.4874999999999994
5136,0.23124999999999946
5137,0.18125000000000002
5138,0.8999999999999997
5139,0.2374999999999997
5140,0.18124999999999974
5141,0.3999999999999996
5142,0.6562499999999996
5143,0.6937499999999999
5144,1.0874999999999997
5145,0.22499999999999953
5146,0.2812499999999994
5147,-0.6625000000000004
5148,0.6062499999999997
5149,0.1937499999999996
5150,0.15624999999999933
5151,0.6937499999999999
5152,0.29999999999999993
5153,0.5749999999999998
5154,0.29374999999999984
5155,0.4187499999999997
5156,0.5624999999999997
5157,0.19999999999999962
5158,0.5874999999999997
5159,0.7812499999999998
5160,0.11249999999999954
5161,0.0124999999999999
5162,0.22499999999999976
5163,0.7187499999999997
5164,0.3187499999999996
5165,0.7937499999999993
5166,0.30624999999999997
5167,0.7937499999999997
5168,0.29374999999999957
5169,0.9062499999999999
5170,0.4187499999999996
5171,0.4687499999999994
5172,0.3374999999999996
5173,0.41874999999999996
5174,0.024999999999999523
5175,0.3249999999999997
5176,0.10624999999999968
5177,0.2749999999999999
5178,0.11249999999999982
5179,0.5999999999999999
5180,0.5062500000000001
5181,0.24374999999999986
5182,0.5312499999999993
5183,0.18124999999999952
5184,0.9374999999999993
5185,0.2437499999999999
5186,0.19374999999999953
5187,0.7062499999999996
5188,0.23124999999999957
5189,0.6187499999999999
5190,0.7937499999999996
5191,0.2999999999999995
5192,-0.2250000000000003
5193,-0.06875000000000014
5194,0.6499999999999999
5195,0.0687499999999997
5196,0.7687499999999995
5197,0.7187499999999996
5198,0.9062499999999998
5199,0.3624999999999996
5200,0.2937499999999993
5201,-0.3000000000000005
5202,0.7749999999999997
5203,-0.01875000000000049
5204,0.4624999999999996
5205,-0.39375000000000016
5206,0.8624999999999998
5207,0.3687499999999998
5208,0.7687499999999997
5209,0.16249999999999953
5210,0.7374999999999996
5211,0.8562499999999997
5212,0.46249999999999997
5213,0.11874999999999958
5214,0.17499999999999966
5215,0.5999999999999999
5216,0.5625
5217,0.5062499999999999
5218,0.13124999999999948
5219,0.34999999999999964
5220,-0.48750000000000054
5221,0.23749999999999954
5222,-0.15625000000000033
5223,0.7687499999999997
5224,0.25624999999999937
5225,0.7250000000000001
5226,0.1874999999999999
5227,0.12499999999999967
5228,0.32499999999999957
5229,-0.06250000000000067
5230,0.49374999999999997
5231,0.825
5232,0.24374999999999947
5233,0.4812499999999998
5234,0.06874999999999942
5235,0.7937499999999996
5236,0.3249999999999997
5237,0.5374999999999999
5238,0.5999999999999998
5239,0.7124999999999998
5240,0.475
5241,0.31249999999999956
5242,0.71875
5243,-0.20625000000000038
5244,0.9062499999999998
5245,0.8749999999999997
5246,0.2124999999999997
5247,0.5999999999999996
5248,0.2624999999999994
5249,0.5874999999999998
5250,0.47499999999999976
5251,0.49999999999999967
5252,0.043749999999999456
5253,0.15624999999999967
5254,0.6937499999999996
5255,0.9374999999999998
5256,0.44999999999999984
5257,0.7687499999999999
5258,0.1874999999999996
5259,0.81875
5260,0.4312499999999995
5261,-0.10000000000000059
5262,0.2062499999999996
5263,0.4374999999999996
5264,0.66875
5265,0.5874999999999997
5266,0.4749999999999993
5267,0.19999999999999968
5268,0.5624999999999996
5269,0.012499999999999512
5270,-0.09375000000000044
5271,0.7937499999999997
5272,0.9437499999999998
5273,0.6749999999999996
5274,0.7499999999999998
5275,0.8625
5276,0.5624999999999997
5277,0.27499999999999974
5278,0.17499999999999954
5279,0.34375
5280,0.5874999999999995
5281,0.10624999999999968
5282,0.4124999999999995
5283,0.4374999999999999
5284,0.7749999999999995
5285,0.27499999999999963
5286,0.23124999999999984
5287,-0.025000000000000355
5288,1.1999999999999995
5289,0.7562500000000001
5290,-0.10000000000000031
5291,0.44999999999999973
5292,0.3124999999999998
5293,0.8437499999999997
5294,0.5124999999999997
5295,0.2812499999999996
5296,0.4562499999999998
5297,0.3124999999999997
5298,-0.10625000000000018
5299,0.037499999999999534
5300,0.5687499999999992
5301,0.35624999999999984
5302,0.4124999999999994
5303,0.5874999999999997
5304,0.8874999999999993
5305,0.9062499999999998
5306,0.2624999999999996
5307,0.6062499999999993
5308,0.40624999999999933
5309,0.4749999999999998
5310,0.5687499999999999
5311,0.40624999999999956
5312,0.34999999999999964
5313,0.7374999999999998
5314,0.48124999999999984
5315,0.3249999999999995
5316,0.3687499999999996
5317,0.13749999999999973
5318,0.018749999999999212
5319,0.16874999999999984
5320,0.43749999999999983
5321,0.2812499999999998
5322,0.018749999999999545
5323,0.2749999999999996
5324,0.4624999999999996
5325,0.40624999999999967
5326,1.0187499999999998
5327,0.84375
5328,0.6062499999999997
5329,0.2124999999999999
5330,0.03749999999999942
5331,0.3312499999999994
5332,0.024999999999999578
5333,0.31874999999999964
5334,0.3624999999999998
5335,0.39999999999999963
5336,0.5687499999999999
5337,0.69375
5338,0.6437499999999998
5339,-0.11875000000000058
5340,0.6124999999999998
5341,0.44374999999999953
5342,0.6312499999999996
5343,0.5624999999999997
5344,0.5124999999999997
5345,0.39374999999999943
5346,0.30624999999999963
5347,0.3187499999999995
5348,0.7999999999999994
5349,0.34374999999999956
5350,0.26249999999999996
5351,0.5625
5352,0.2124999999999994
5353,0.2562499999999996
5354,0.13749999999999962
5355,0.28749999999999953
5356,0.6749999999999994
5357,0.6437499999999996
5358,0.03125
5359,0.8499999999999999
5360,0.3937499999999997
5361,0.16249999999999942
5362,0.24374999999999952
5363,0.5125
5364,0.16874999999999957
5365,0.14999999999999947
5366,0.5687499999999996
5367,-0.037500000000000366
5368,0.41874999999999996
5369,-0.09375000000000056
5370,0.8687499999999998
5371,0.7999999999999997
5372,0.5937499999999998
5373,0.3874999999999996
5374,0.7124999999999997
5375,0.14374999999999977
5376,0.30624999999999986
5377,0.5937499999999996
5378,0.34375
5379,0.41874999999999996
5380,-0.10625000000000046
5381,0.47499999999999953
5382,0.0062499999999997
5383,0.6624999999999992
5384,0.3437499999999997
5385,0.2937499999999998
5386,-0.1062500000000004
5387,0.19374999999999987
5388,0.43124999999999947
5389,-0.6375000000000006
5390,-0.2000000000000005
5391,0.4562499999999997
5392,0.31874999999999987
5393,0.7374999999999998
5394,0.0687499999999997
5395,0.9125000000000001
5396,0.7437499999999997
5397,0.6124999999999997
5398,-0.07500000000000018
5399,0.5999999999999999
5400,0.6624999999999999
5401,0.20624999999999943
5402,0.11874999999999936
5403,0.2937499999999996
5404,0.8437499999999993
5405,-0.08750000000000041
5406,0.5999999999999996
5407,0.9187499999999996
5408,-0.006250000000000422
5409,-0.2312500000000005
5410,0.5562499999999999
5411,0.6374999999999998
5412,0.5624999999999996
5413,0.5187499999999998
5414,0.9312499999999992
5415,1.0374999999999996
5416,0.31874999999999964
5417,1.0875
5418,0.6124999999999996
5419,0.24374999999999963
5420,0.12499999999999972
5421,0.06249999999999961
5422,0.7749999999999996
5423,0.6562499999999998
5424,0.5187499999999996
5425,0.14374999999999988
5426,0.0812499999999996
5427,-0.10000000000000053
5428,0.11249999999999977
5429,0.34999999999999937
5430,0.2624999999999998
5431,0.11249999999999954
5432,0.5749999999999996
5433,0.19999999999999984
5434,0.4437499999999997
5435,0.6374999999999997
5436,0.7062499999999998
5437,0.23124999999999973
5438,0.6687500000000001
5439,1.1624999999999996
5440,0.7437499999999998
5441,0.4874999999999998
5442,0.6812499999999999
5443,0.4062499999999999
5444,0.44374999999999976
5445,0.4312499999999998
5446,0.3374999999999999
5447,-3.3306690738754696e-16
5448,0.9312499999999997
5449,0.125
5450,0.46874999999999967
5451,0.7124999999999995
5452,0.7124999999999998
5453,0.49999999999999944
5454,0.45624999999999966
5455,0.3812499999999996
5456,0.6687499999999995
5457,0.5437499999999995
5458,0.8062499999999997
5459,0.46249999999999947
5460,0.4062499999999997
5461,-0.10000000000000037
5462,0.3562499999999997
5463,0.3062499999999998
5464,0.41249999999999953
5465,0.8812499999999998
5466,0.4124999999999996
5467,0.23749999999999993
5468,0.4312499999999995
5469,0.5437499999999997
5470,0.25624999999999953
5471,0.2812499999999997
5472,0.5124999999999997
5473,0.06874999999999976
5474,0.07499999999999973
5475,0.06249999999999967
5476,0.9999999999999998
5477,-0.0312500000000005
5478,0.6812499999999995
5479,0.3374999999999995
5480,0.36249999999999954
5481,0.4937499999999996
5482,0.3437499999999997
5483,0.5249999999999999
5484,0.15624999999999944
5485,0.2687499999999994
5486,0.29374999999999946
5487,-0.3500000000000003
5488,0.4749999999999996
5489,0.6124999999999995
5490,-0.056250000000000355
5491,0.26249999999999984
5492,0.12499999999999978
5493,0.9187499999999997
5494,0.5437499999999997
5495,0.08124999999999954
5496,0.34999999999999976
5497,0.34374999999999967
5498,0.6937499999999996
5499,0.19374999999999953
5500,0.6187499999999999
5501,0.3062499999999997
5502,0.2562499999999994
5503,0.2187499999999999
5504,0.32499999999999984
5505,0.33124999999999966
5506,0.5749999999999995
5507,0.5249999999999997
5508,0.8312499999999996
5509,0.7437499999999997
5510,0.46874999999999967
5511,0.3562499999999997
5512,0.5124999999999997
5513,0.7999999999999996
5514,0.2812499999999995
5515,0.4124999999999996
5516,0.7812499999999998
5517,0.0999999999999997
5518,0.9374999999999998
5519,-0.10625000000000029
5520,0.42499999999999993
5521,0.16249999999999964
5522,0.4249999999999998
5523,0.8812500000000002
5524,0.33749999999999986
5525,0.6187499999999997
5526,0.8812499999999999
5527,0.24374999999999963
5528,0.15624999999999967
5529,0.4499999999999998
5530,0.8249999999999997
5531,0.8687499999999997
5532,0.9687499999999999
5533,0.3374999999999998
5534,0.2749999999999993
5535,0.44374999999999976
5536,0.8187499999999998
5537,0.36874999999999947
5538,0.1624999999999996
5539,0.2999999999999997
5540,0.7062499999999995
5541,0.66875
5542,0.23124999999999984
5543,0.46249999999999963
5544,0.5312499999999998
5545,0.2499999999999995
5546,0.3374999999999995
5547,0.7249999999999996
5548,0.8187499999999995
5549,0.6562499999999997
5550,-0.09375000000000056
5551,0.1312499999999998
5552,-0.1437500000000005
5553,0.7312499999999997
5554,0.06874999999999953
5555,0.3624999999999997
5556,0.95
5557,-0.13125000000000026
5558,0.6249999999999999
5559,0.5624999999999996
5560,0.9562499999999996
5561,0.3999999999999999
5562,0.2687499999999997
5563,0.024999999999999467
5564,0.2812499999999996
5565,0.49374999999999963
5566,0.2749999999999998
5567,0.6624999999999996
5568,0.5687499999999995
5569,0.031249999999999223
5570,0.7062499999999996
5571,0.7687499999999996
5572,0.9687499999999997
5573,0.3499999999999994
5574,0.7937499999999998
5575,0.7687499999999999
5576,0.8749999999999997
5577,0.27499999999999947
5578,0.2937499999999994
5579,0.6624999999999999
5580,0.7374999999999999
5581,0.9249999999999998
5582,0.6062500000000001
5583,-0.006250000000000644
5584,0.43749999999999967
5585,0.9999999999999997
5586,-0.043750000000000455
5587,0.44374999999999964
5588,0.3812499999999994
5589,0.5187499999999995
5590,0.5624999999999997
5591,0.9187500000000001
5592,1.1687499999999997
5593,1.0499999999999998
5594,0.4187499999999993
5595,1.3124999999999996
5596,0.3999999999999998
5597,0.3562499999999997
5598,0.8812499999999994
5599,0.26249999999999957
5600,0.37499999999999956
5601,0.13124999999999953
5602,0.5749999999999997
5603,0.0812499999999996
5604,0.9937499999999997
5605,0.28749999999999964
5606,0.22499999999999987
5607,0.8124999999999996
5608,0.5374999999999995
5609,0.44375
5610,0.28749999999999976
5611,0.08749999999999963
5612,0.7124999999999997
5613,0.23124999999999968
5614,0.49999999999999967
5615,0.18749999999999944
5616,0.09999999999999964
5617,0.6562499999999996
5618,0.9
5619,0.47499999999999987
5620,0.18124999999999958
5621,0.4062499999999997
5622,0.03749999999999948
5623,-0.3625000000000004
5624,0.19999999999999957
5625,0.0687499999999997
5626,0.6499999999999999
5627,0.3437499999999998
5628,0.4937499999999998
5629,0.6374999999999997
5630,0.3937499999999997
5631,0.7999999999999998
5632,0.5624999999999993
5633,0.50625
5634,0.27499999999999986
5635,0.33749999999999963
5636,0.18749999999999956
5637,0.5249999999999997
5638,0.42499999999999977
5639,0.6562499999999998
5640,0.6687499999999997
5641,0.11874999999999963
5642,0.20625000000000004
5643,0.7999999999999998
5644,0.5750000000000001
5645,0.3187499999999999
5646,0.31249999999999967
5647,0.4999999999999998
5648,0.6062499999999994
5649,-0.07500000000000051
5650,0.5999999999999996
5651,0.7999999999999997
5652,0.6999999999999995
5653,0.5437499999999997
5654,0.4749999999999996
5655,0.55
5656,0.4250000000000001
5657,0.5437499999999995
5658,0.2562499999999994
5659,0.19999999999999968
5660,0.7562499999999996
5661,0.5062499999999994
5662,0.7374999999999999
5663,0.50625
5664,0.5249999999999998
5665,0.43124999999999974
5666,0.2437499999999993
5667,0.7562499999999995
5668,0.5125
5669,0.08749999999999958
5670,-0.17500000000000054
5671,0.6375
5672,0.7499999999999996
5673,-0.037500000000000144
5674,0.3999999999999994
5675,0.2249999999999996
5676,0.44999999999999984
5677,0.39999999999999974
5678,0.6249999999999997
5679,0.44374999999999964
5680,0.24999999999999978
5681,0.39374999999999954
5682,0.4562499999999997
5683,0.23749999999999966
5684,0.1374999999999993
5685,0.5937499999999997
5686,0.5874999999999996
5687,1.03125
5688,0.4374999999999998
5689,-0.31250000000000033
5690,0.4062499999999997
5691,0.8187499999999995
5692,0.4062499999999997
5693,0.6
5694,0.2562499999999998
5695,0.8937499999999996
5696,0.8999999999999996
5697,-0.18125000000000052
5698,0.8437499999999996
5699,0.8249999999999997
5700,0.10624999999999962
5701,0.1437499999999997
5702,0.8124999999999999
5703,0.4437499999999997
5704,0.3374999999999995
5705,1.1437499999999998
5706,0.44375
5707,0.2249999999999997
5708,0.043749999999999345
5709,0.23124999999999946
5710,0.1062499999999999
5711,0.6749999999999996
5712,-0.01875000000000049
5713,0.6187499999999995
5714,0.41249999999999987
5715,0.04374999999999951
5716,0.46874999999999956
5717,0.1812499999999997
5718,-0.06875000000000037
5719,0.2499999999999996
5720,0.18749999999999967
5721,0.08124999999999971
5722,0.5187499999999998
5723,0.5687499999999999
5724,0.4437499999999998
5725,-0.06875000000000026
5726,0.4312499999999999
5727,0.45624999999999993
5728,0.5812499999999999
5729,0.39999999999999986
5730,-0.09375000000000028
5731,-0.05625000000000041
5732,-0.11875000000000047
5733,0.3062499999999997
5734,0.4562499999999996
5735,0.1187499999999998
5736,0.3937499999999994
5737,0.6624999999999998
5738,0.5812499999999998
5739,0.8312499999999998
5740,0.08749999999999941
5741,0.031249999999999778
5742,1.0625
5743,0.3687499999999994
5744,0.1749999999999997
5745,1.0187500000000003
5746,0.6375
5747,0.93125
5748,0.3499999999999997
5749,0.47499999999999953
5750,0.9687499999999998
5751,0.1999999999999993
5752,0.6499999999999997
5753,0.8874999999999998
5754,0.94375
5755,0.4374999999999994
5756,0.2499999999999994
5757,0.8999999999999997
5758,0.6624999999999998
5759,0.6374999999999997
5760,0.3999999999999998
5761,0.70625
5762,0.8124999999999997
5763,0.1874999999999995
5764,-0.006250000000000255
5765,0.9687499999999997
5766,0.012499999999999623
5767,0.1374999999999995
5768,0.3187499999999993
5769,0.4125
5770,-0.07500000000000034
5771,0.2124999999999999
5772,0.4999999999999993
5773,0.43749999999999956
5774,0.525
5775,0.6249999999999998
5776,0.5562499999999997
5777,0.48124999999999996
5778,0.062499999999999556
5779,0.5874999999999999
5780,0.39374999999999977
5781,0.21249999999999986
5782,0.24999999999999944
5783,0.7374999999999996
5784,0.7624999999999996
5785,0.7999999999999998
5786,0.5749999999999997
5787,0.7624999999999997
5788,0.4937499999999998
5789,0.5124999999999998
5790,0.3374999999999996
5791,-0.09375000000000039
5792,1.0
5793,0.049999999999999545
5794,1.0374999999999999
5795,0.13749999999999973
5796,0.3562499999999996
5797,0.32499999999999957
5798,0.39999999999999963
5799,0.3937499999999999
5800,0.5374999999999999
5801,0.7062499999999999
5802,0.1499999999999997
5803,0.41874999999999973
5804,0.1624999999999996
5805,0.6874999999999998
5806,0.04374999999999957
5807,0.5499999999999997
5808,-0.2625000000000005
5809,0.4874999999999996
5810,-0.1375000000000003
5811,-0.09375000000000056
5812,0.9499999999999998
5813,-0.10625000000000062
5814,0.38124999999999976
5815,0.3812499999999998
5816,0.1499999999999998
5817,-0.1937500000000002
5818,1.2187499999999998
5819,0.5062499999999996
5820,0.6999999999999995
5821,0.1749999999999996
5822,0.23124999999999962
5823,0.4249999999999996
5824,0.3062499999999995
5825,0.36249999999999954
5826,0.4874999999999995
5827,0.39374999999999966
5828,0.2749999999999999
5829,0.32499999999999946
5830,0.6624999999999999
5831,0.8249999999999995
5832,0.60625
5833,0.43749999999999967
5834,0.08124999999999977
5835,0.8062499999999998
5836,0.13749999999999962
5837,0.4187499999999996
5838,0.41874999999999973
5839,0.23124999999999973
5840,0.012499999999999956
5841,-0.10625000000000051
5842,0.7187499999999996
5843,0.6375
5844,0.6062499999999997
5845,0.3062499999999995
5846,0.6812499999999998
5847,0.5499999999999996
5848,1.0874999999999995
5849,0.4562499999999994
5850,0.8874999999999996
5851,0.18124999999999958
5852,0.20624999999999988
5853,0.7937500000000001
5854,-0.037500000000000366
5855,-0.24375000000000024
5856,0.5249999999999998
5857,0.6749999999999998
5858,-0.15000000000000013
5859,0.32499999999999934
5860,0.8749999999999996
5861,0.2999999999999995
5862,0.4562499999999996
5863,0.5374999999999996
5864,0.35624999999999934
5865,0.39374999999999954
5866,0.6062499999999993
5867,0.15624999999999972
5868,0.09999999999999942
5869,0.19374999999999948
5870,-0.01250000000000051
5871,0.7375
5872,-0.0500000000000006
5873,0.5999999999999999
5874,0.2749999999999995
5875,0.18124999999999963
5876,0.4999999999999993
5877,0.006249999999999756
5878,0.08749999999999947
5879,0.5999999999999994
5880,0.23749999999999988
5881,0.4999999999999995
5882,0.41874999999999984
5883,0.03749999999999981
5884,0.2187499999999996
5885,0.12499999999999956
5886,1.0374999999999996
5887,0.09374999999999967
5888,0.5687499999999999
5889,1.0374999999999996
5890,0.26249999999999957
5891,0.0749999999999999
5892,0.43749999999999983
5893,0.4124999999999998
5894,0.9374999999999999
5895,0.6749999999999996
5896,0.5624999999999999
5897,0.3312499999999995
5898,0.19999999999999962
5899,0.5749999999999994
5900,0.4624999999999997
5901,0.5812499999999995
5902,0.2812499999999998
5903,0.3624999999999994
5904,0.47499999999999964
5905,0.8312499999999994
5906,-0.6125000000000003
5907,0.6812499999999998
5908,-0.43750000000000044
5909,0.23749999999999943
5910,-0.0687500000000002
5911,0.5562499999999999
5912,0.38124999999999953
5913,0.8624999999999998
5914,-0.1687500000000005
5915,0.4187499999999999
5916,0.36874999999999974
5917,0.0312499999999995
5918,0.48749999999999954
5919,0.49374999999999963
5920,0.21249999999999947
5921,0.41874999999999973
5922,0.41249999999999937
5923,0.13124999999999964
5924,0.41874999999999984
5925,0.3999999999999999
5926,0.21249999999999936
5927,0.6749999999999998
5928,0.38749999999999973
5929,0.05624999999999941
5930,0.5687499999999995
5931,0.6312499999999999
5932,0.5437499999999997
5933,-0.30625000000000047
5934,0.4124999999999996
5935,0.29374999999999984
5936,0.6499999999999995
5937,0.2062499999999996
5938,0.5874999999999996
5939,0.5812499999999998
5940,0.7437499999999995
5941,0.05624999999999941
5942,0.1999999999999995
5943,0.5312499999999993
5944,0.28749999999999964
5945,-0.15000000000000047
5946,0.24374999999999958
5947,0.8187499999999996
5948,0.7437499999999995
5949,0.36249999999999966
5950,0.1874999999999994
5951,0.22499999999999976
5952,0.21249999999999963
5953,0.49374999999999974
5954,0.09999999999999942
5955,0.44374999999999976
5956,0.8874999999999995
5957,0.44374999999999976
5958,0.5312499999999997
5959,0.2499999999999996
5960,0.5187499999999998
5961,0.4312499999999995
5962,0.9437499999999998
5963,0.42499999999999993
5964,0.17499999999999954
5965,0.8687499999999995
5966,0.5874999999999992
5967,0.5937499999999998
5968,0.8562499999999997
5969,0.6375
5970,0.07499999999999968
5971,0.34375
5972,0.5937499999999996
5973,0.6624999999999999
5974,0.9624999999999997
5975,-0.09375000000000022
5976,0.28749999999999926
5977,-4.440892098500626e-16
5978,0.5812499999999997
5979,0.32499999999999957
5980,0.8125
5981,0.8499999999999998
5982,0.5937499999999994
5983,0.9125000000000001
5984,-0.2000000000000005
5985,0.44999999999999996
5986,-0.06250000000000039
5987,0.6124999999999996
5988,0.5437499999999995
5989,0.24999999999999956
5990,0.36874999999999997
5991,0.21874999999999972
5992,0.44374999999999937
5993,0.45624999999999954
5994,0.39374999999999966
5995,0.3312499999999997
5996,0.5562499999999995
5997,-0.05625000000000052
5998,0.6812499999999997
5999,0.5437499999999996
6000,0.46249999999999974
6001,0.6124999999999997
6002,0.7187499999999996
6003,0.19374999999999976
6004,1.0187499999999998
6005,0.4624999999999996
6006,0.19999999999999984
6007,0.5749999999999996
6008,0.8187499999999999
6009,0.39999999999999963
6010,-0.11250000000000054
6011,0.22499999999999987
6012,0.7999999999999998
6013,0.4562499999999997
6014,0.8187499999999999
6015,0.38749999999999984
6016,0.9124999999999994
6017,0.3687499999999993
6018,0.21250000000000024
6019,0.7687499999999999
6020,0.3312499999999999
6021,0.13749999999999984
6022,0.1812499999999997
6023,0.5749999999999997
6024,0.39999999999999947
6025,0.7249999999999999
6026,0.2812499999999996
6027,0.4999999999999999
6028,0.6499999999999997
6029,0.25624999999999953
6030,0.6374999999999998
6031,0.5187499999999998
6032,0.6437499999999995
6033,0.06249999999999983
6034,0.006249999999999645
6035,0.31249999999999956
6036,0.5499999999999997
6037,0.22499999999999987
6038,0.16249999999999964
6039,0.5687500000000002
6040,0.7124999999999995
6041,0.09374999999999967
6042,0.47499999999999976
6043,0.7437499999999997
6044,0.2437499999999994
6045,0.8937500000000002
6046,0.16249999999999942
6047,0.3937499999999995
6048,0.6062499999999997
6049,0.5374999999999998
6050,0.6249999999999996
6051,0.8937499999999998
6052,0.7437499999999999
6053,0.13124999999999937
6054,0.19374999999999987
6055,0.7749999999999999
6056,0.08749999999999969
6057,0.06874999999999964
6058,0.3624999999999997
6059,0.5874999999999999
6060,0.09999999999999948
6061,0.6749999999999996
6062,0.6999999999999996
6063,0.5374999999999994
6064,0.05624999999999952
6065,0.9312499999999996
6066,0.4874999999999998
6067,0.6874999999999998
6068,0.3062499999999997
6069,-0.037500000000000755
6070,0.5062499999999996
6071,0.33124999999999977
6072,0.28124999999999944
6073,0.29374999999999973
6074,0.41249999999999964
6075,-0.031250000000000666
6076,0.24999999999999944
6077,0.2812499999999996
6078,0.6187499999999997
6079,0.4000000000000001
6080,-0.04375000000000029
6081,0.9937499999999999
6082,0.6374999999999997
6083,0.6749999999999995
6084,0.6687499999999997
6085,0.5499999999999996
6086,0.3749999999999999
6087,0.4687499999999999
6088,0.08749999999999969
6089,0.23124999999999934
6090,0.1624999999999997
6091,0.6437499999999996
6092,0.24374999999999963
6093,-0.4000000000000004
6094,-0.08125000000000043
6095,0.8187499999999996
6096,0.5187499999999996
6097,0.5812499999999997
6098,0.4874999999999997
6099,0.4687499999999998
6100,0.6062499999999997
6101,0.4249999999999999
6102,0.5312499999999998
6103,0.4749999999999997
6104,0.6124999999999996
6105,0.4062499999999996
6106,0.7187499999999996
6107,0.2687499999999996
6108,0.024999999999999467
6109,0.4999999999999999
6110,0.2999999999999997
6111,0.2999999999999999
6112,0.2937499999999996
6113,0.7687499999999998
6114,0.6749999999999994
6115,0.3499999999999997
6116,0.9937499999999997
6117,0.3187499999999996
6118,-0.2062500000000005
6119,0.575
6120,0.44374999999999964
6121,0.07499999999999962
6122,0.5687499999999996
6123,0.38124999999999964
6124,0.5687499999999999
6125,-0.1562500000000006
6126,0.08749999999999969
6127,0.37499999999999983
6128,-0.04375000000000023
6129,0.2749999999999997
6130,0.8812499999999999
6131,0.3437499999999994
6132,0.43124999999999986
6133,0.1562499999999999
6134,0.47499999999999976
6135,0.7999999999999998
6136,0.23749999999999932
6137,0.11874999999999958
6138,0.48124999999999996
6139,0.6312499999999999
6140,0.4249999999999996
6141,0.5062499999999995
6142,0.22499999999999948
6143,0.51875
6144,0.4812499999999998
6145,0.3687499999999998
6146,0.09999999999999953
6147,0.6999999999999997
6148,0.22499999999999964
6149,0.49374999999999986
6150,0.34374999999999967
6151,0.043749999999999456
6152,0.5374999999999996
6153,0.7624999999999997
6154,0.9687499999999998
6155,0.5187499999999997
6156,0.8562499999999998
6157,0.3124999999999998
6158,0.6562499999999998
6159,0.6062499999999995
6160,0.8562499999999997
6161,0.26249999999999957
6162,-0.16875000000000057
6163,0.9
6164,0.8124999999999999
6165,0.4374999999999997
6166,0.5999999999999999
6167,0.3999999999999997
6168,0.8062499999999997
6169,0.6124999999999997
6170,0.2562499999999997
6171,-0.012500000000000289
6172,0.2562499999999997
6173,0.7124999999999996
6174,-0.43750000000000044
6175,-0.2812500000000007
6176,0.6374999999999995
6177,-0.26875000000000027
6178,0.21249999999999986
6179,0.7312499999999997
6180,0.25624999999999953
6181,0.4749999999999997
6182,0.7624999999999997
6183,0.4312499999999998
6184,0.5375
6185,0.2562499999999999
6186,0.6999999999999995
6187,0.5749999999999995
6188,-0.1312500000000003
6189,0.60625
6190,0.2374999999999996
6191,0.8062499999999998
6192,0.3249999999999998
6193,0.25624999999999964
6194,0.3812499999999995
6195,0.28749999999999976
6196,0.6437499999999994
6197,0.5374999999999998
6198,0.5625
6199,0.4437499999999996
6200,1.1124999999999998
6201,0.037499999999999645
6202,0.41874999999999946
6203,0.7124999999999997
6204,0.09999999999999959
6205,0.21874999999999972
6206,0.19374999999999964
6207,0.19374999999999964
6208,0.6937499999999996
6209,0.8499999999999999
6210,0.5624999999999996
6211,0.5062499999999999
6212,0.9437499999999994
6213,-0.06875000000000075
6214,0.46249999999999963
6215,0.1624999999999997
6216,0.05624999999999952
6217,-0.1562500000000004
6218,0.6812499999999995
6219,0.7062499999999996
6220,0.3874999999999999
6221,0.8187500000000002
6222,0.4249999999999999
6223,0.48749999999999977
6224,0.4437499999999994
6225,0.28749999999999976
6226,0.7374999999999999
6227,0.49374999999999963
6228,0.48749999999999966
6229,0.3937499999999995
6230,0.1999999999999999
6231,0.18124999999999952
6232,0.043749999999999734
6233,0.2124999999999997
6234,0.32499999999999973
6235,0.3062499999999996
6236,0.2062499999999996
6237,0.7812500000000003
6238,0.4624999999999998
6239,0.5437499999999994
6240,0.34374999999999956
6241,0.8874999999999998
6242,0.5937499999999996
6243,0.8687499999999998
6244,0.46874999999999956
6245,0.35624999999999957
6246,0.9187499999999997
6247,-0.1687500000000003
6248,0.2874999999999995
6249,0.8999999999999995
6250,-0.07500000000000046
6251,0.05624999999999969
6252,0.5687499999999999
6253,0.6249999999999992
6254,-0.17500000000000038
6255,1.04375
6256,0.6437499999999998
6257,0.3249999999999997
6258,0.5499999999999996
6259,-0.0750000000000004
6260,0.4124999999999996
6261,0.55625
6262,0.28749999999999976
6263,0.38124999999999953
6264,0.09999999999999964
6265,1.24375
6266,0.6624999999999996
6267,0.6624999999999996
6268,0.5187499999999994
6269,0.7499999999999996
6270,0.8249999999999997
6271,0.44999999999999957
6272,0.024999999999999578
6273,-0.1312500000000002
6274,0.8312499999999996
6275,0.7812499999999996
6276,0.6812499999999995
6277,0.41249999999999964
6278,0.2749999999999994
6279,0.46249999999999974
6280,0.6687499999999997
6281,0.7750000000000001
6282,0.5249999999999998
6283,0.4812499999999995
6284,0.38749999999999957
6285,0.4499999999999997
6286,-0.08125000000000049
6287,1.1062499999999995
6288,0.7812499999999998
6289,0.4812499999999996
6290,0.23749999999999966
6291,0.29999999999999954
6292,0.9500000000000001
6293,0.5124999999999997
6294,0.6999999999999995
6295,0.11249999999999949
6296,0.6124999999999997
6297,0.5437499999999995
6298,0.37499999999999994
6299,0.7249999999999999
6300,-0.06875000000000048
6301,-0.1687500000000005
6302,0.7250000000000001
6303,0.3562499999999997
6304,0.38749999999999973
6305,0.49999999999999983
6306,0.7687499999999997
6307,0.7249999999999994
6308,0.28124999999999967
6309,0.6312499999999998
6310,0.3812499999999993
6311,0.39999999999999974
6312,0.19374999999999937
6313,0.9499999999999997
6314,0.3624999999999998
6315,0.36874999999999947
6316,-0.3187500000000007
6317,0.12499999999999967
6318,0.375
6319,0.7499999999999997
6320,0.1624999999999996
6321,0.5999999999999996
6322,0.018749999999999933
6323,1.0624999999999998
6324,0.6874999999999998
6325,0.23749999999999982
6326,0.8
6327,-0.037500000000000644
6328,0.7374999999999996
6329,1.08125
6330,0.39374999999999954
6331,0.08124999999999971
6332,0.10624999999999946
6333,0.5624999999999996
6334,0.5749999999999995
6335,0.1937499999999996
6336,0.7937499999999995
6337,0.6687499999999997
6338,0.6937499999999996
6339,-0.10625000000000057
6340,0.7374999999999999
6341,0.5062499999999996
6342,0.48749999999999993
6343,0.5749999999999995
6344,0.5999999999999999
6345,0.5499999999999995
6346,0.2687499999999999
6347,0.8249999999999997
6348,0.4937499999999995
6349,0.22499999999999937
6350,0.17499999999999954
6351,-0.09375000000000033
6352,0.4687499999999999
6353,0.8624999999999996
6354,-0.2750000000000004
6355,-0.06250000000000044
6356,0.5062499999999995
6357,0.5124999999999995
6358,0.3687499999999997
6359,0.20624999999999938
6360,-4.440892098500626e-16
6361,0.1374999999999998
6362,0.5562499999999995
6363,0.7562499999999996
6364,0.6687499999999995
6365,0.23749999999999977
6366,0.7937499999999996
6367,0.6999999999999995
6368,0.5312499999999997
6369,0.10624999999999984
6370,0.06874999999999987
6371,0.7124999999999997
6372,0.5749999999999997
6373,0.3874999999999995
6374,0.44374999999999964
6375,0.4374999999999995
6376,0.6687500000000001
6377,0.2624999999999997
6378,0.5249999999999995
6379,0.21874999999999956
6380,-0.3000000000000005
6381,0.5187499999999994
6382,0.71875
6383,0.6375
6384,0.44999999999999973
6385,0.6187499999999996
6386,0.6062499999999998
6387,0.29374999999999984
6388,0.006249999999999756
6389,0.1874999999999996
6390,0.34374999999999983
6391,0.09375
6392,0.006249999999999589
6393,0.5499999999999998
6394,0.5187499999999996
6395,0.2124999999999997
6396,0.1499999999999997
6397,0.5187499999999995
6398,0.8187499999999996
6399,-0.08125000000000043
6400,0.38124999999999976
6401,0.2875000000000002
6402,0.7249999999999995
6403,0.7124999999999999
6404,0.9562499999999997
6405,0.8187500000000001
6406,0.7812499999999998
6407,0.3312499999999995
6408,0.11874999999999963
6409,0.5062500000000001
6410,0.48124999999999934
6411,0.7124999999999992
6412,0.9437499999999994
6413,0.46249999999999947
6414,0.4312499999999997
6415,0.41249999999999953
6416,0.5562499999999997
6417,0.5374999999999995
6418,0.3937499999999996
6419,0.024999999999999467
6420,0.19999999999999946
6421,-0.12500000000000033
6422,0.7062499999999994
6423,0.9874999999999996
6424,0.6999999999999996
6425,0.3187499999999997
6426,-0.14375000000000054
6427,0.43749999999999967
6428,0.11249999999999966
6429,0.625
6430,0.1749999999999996
6431,0.43749999999999983
6432,0.33749999999999974
6433,-0.10000000000000059
6434,0.46249999999999974
6435,0.5874999999999998
6436,0.6312499999999998
6437,-0.03125000000000039
6438,0.33124999999999966
6439,0.6437499999999996
6440,0.16874999999999973
6441,0.2687499999999995
6442,0.14999999999999958
6443,0.5249999999999996
6444,0.8062499999999997
6445,0.4124999999999997
6446,0.21874999999999972
6447,0.5999999999999998
6448,0.5062499999999996
6449,-0.1500000000000004
6450,0.6749999999999995
6451,0.12499999999999989
6452,0.2312499999999995
6453,0.1875
6454,0.7749999999999999
6455,1.1062499999999997
6456,0.6312499999999996
6457,0.15624999999999972
6458,0.7562499999999994
6459,0.3312499999999995
6460,0.27499999999999974
6461,0.27499999999999947
6462,0.5062499999999999
6463,0.7499999999999999
6464,0.3937499999999997
6465,0.9187499999999996
6466,-0.05000000000000038
6467,0.10624999999999951
6468,-0.21875000000000044
6469,0.23749999999999982
6470,0.09999999999999937
6471,0.8437499999999996
6472,0.33124999999999993
6473,0.1374999999999998
6474,0.2624999999999999
6475,0.3749999999999997
6476,0.7500000000000002
6477,0.7812499999999998
6478,0.21874999999999956
6479,0.5187499999999996
6480,0.39375000000000016
6481,0.08124999999999927
6482,0.19999999999999946
6483,0.36249999999999966
6484,0.8187499999999996
6485,0.3749999999999998
6486,0.8437499999999996
6487,-0.12500000000000044
6488,-0.4000000000000004
6489,0.31874999999999964
6490,0.6687499999999997
6491,0.7999999999999995
6492,0.8374999999999997
6493,0.1562499999999996
6494,0.6749999999999998
6495,-0.05625000000000058
6496,0.2874999999999995
6497,0.84375
6498,0.4249999999999998
6499,0.28124999999999956
6500,0.5687499999999996
6501,0.6937499999999996
6502,0.28749999999999976
6503,0.28749999999999976
6504,-0.006250000000000311
6505,0.54375
6506,0.8499999999999996
6507,0.2499999999999996
6508,0.3312499999999997
6509,1.0562499999999997
6510,0.36249999999999977
6511,0.4374999999999999
6512,1.1625
6513,0.012499999999999567
6514,0.21874999999999944
6515,0.3749999999999997
6516,0.29999999999999966
6517,0.41249999999999953
6518,-0.09375000000000044
6519,-0.31250000000000033
6520,0.7249999999999996
6521,0.7937500000000001
6522,0.3312499999999996
6523,0.43749999999999944
6524,0.2374999999999997
6525,0.6687499999999994
6526,0.13124999999999953
6527,0.5062499999999998
6528,-0.006250000000000477
6529,0.39374999999999943
6530,0.6562499999999998
6531,0.2624999999999996
6532,0.8624999999999995
6533,0.3124999999999993
6534,0.5687499999999998
6535,0.0999999999999997
6536,0.1499999999999994
6537,0.4374999999999999
6538,0.7124999999999996
6539,-0.0250000000000003
6540,0.33124999999999977
6541,0.5125
6542,0.5062499999999994
6543,0.18124999999999963
6544,0.6312499999999998
6545,0.5374999999999996
6546,0.9812499999999996
6547,0.18124999999999925
6548,0.8562499999999995
6549,0.7249999999999996
6550,0.5374999999999996
6551,0.3875
6552,0.5375000000000001
6553,0.0624999999999995
6554,-0.1187500000000003
6555,0.8874999999999997
6556,0.8937499999999994
6557,0.09374999999999983
6558,0.4312499999999997
6559,0.275
6560,0.20624999999999977
6561,0.9937499999999998
6562,0.4499999999999997
6563,0.27499999999999974
6564,0.7312499999999997
6565,0.7874999999999994
6566,0.7124999999999997
6567,0.6624999999999996
6568,0.13749999999999957
6569,0.037499999999999645
6570,0.2749999999999996
6571,0.7249999999999994
6572,0.8749999999999998
6573,0.7687499999999994
6574,0.3249999999999993
6575,0.36874999999999947
6576,-0.3500000000000006
6577,0.28749999999999976
6578,0.3374999999999996
6579,0.2874999999999999
6580,0.5124999999999995
6581,0.3375
6582,0.018749999999999545
6583,0.25000000000000006
6584,0.5874999999999999
6585,-0.37500000000000033
6586,0.3312499999999997
6587,0.08749999999999941
6588,0.056249999999999634
6589,0.21874999999999967
6590,0.8187499999999994
6591,0.6874999999999998
6592,0.5249999999999999
6593,-0.10000000000000037
6594,0.8062500000000001
6595,0.23749999999999988
6596,-0.04375000000000051
6597,0.5562499999999995
6598,0.45624999999999966
6599,0.7312499999999997
6600,0.13124999999999937
6601,0.7624999999999997
6602,0.7874999999999999
6603,0.28749999999999953
6604,0.9812499999999998
6605,0.41874999999999973
6606,0.26249999999999946
6607,1.0187499999999998
6608,0.6062499999999997
6609,0.5499999999999998
6610,0.5562499999999995
6611,0.6999999999999996
6612,0.24374999999999947
6613,0.2874999999999999
6614,0.7062499999999996
6615,0.4874999999999996
6616,0.5124999999999995
6617,0.7749999999999996
6618,0.3749999999999998
6619,0.1937499999999998
6620,0.26249999999999973
6621,0.16249999999999987
6622,0.8062499999999995
6623,-0.018750000000000377
6624,0.5124999999999995
6625,0.5187499999999996
6626,0.09374999999999972
6627,0.5374999999999996
6628,0.2749999999999997
6629,0.34374999999999944
6630,0.3124999999999998
6631,0.24999999999999956
6632,0.024999999999999745
6633,0.5125
6634,0.006249999999999367
6635,0.4937499999999997
6636,0.8749999999999998
6637,0.36874999999999947
6638,0.7374999999999996
6639,1.18125
6640,0.4749999999999996
6641,0.6812499999999996
6642,0.25624999999999976
6643,-0.0937500000000005
6644,0.5687499999999999
6645,0.4749999999999995
6646,0.7375
6647,0.48124999999999957
6648,0.5562499999999995
6649,0.39999999999999963
6650,0.11874999999999986
6651,1.0749999999999997
6652,0.4249999999999999
6653,0.9749999999999996
6654,0.3749999999999996
6655,0.5437499999999997
6656,0.5062499999999996
6657,0.3874999999999998
6658,0.006249999999999645
6659,0.48124999999999973
6660,-0.47500000000000064
6661,0.75625
6662,0.5624999999999993
6663,0.1437499999999995
6664,0.2187499999999995
6665,0.2999999999999995
6666,0.3749999999999996
6667,0.38124999999999976
6668,0.4812499999999998
6669,1.0937499999999998
6670,0.5687499999999998
6671,0.6624999999999995
6672,0.12499999999999972
6673,0.4749999999999996
6674,0.46249999999999947
6675,0.6062499999999997
6676,0.08124999999999943
6677,0.5625
6678,0.9124999999999999
6679,0.23124999999999957
6680,0.6374999999999995
6681,0.6687499999999997
6682,-0.10000000000000031
6683,0.7124999999999999
6684,0.12499999999999956
6685,-0.03750000000000042
6686,-0.07500000000000018
6687,0.3999999999999994
6688,0.6249999999999993
6689,0.6375
6690,0.11874999999999947
6691,0.2937499999999997
6692,0.4374999999999995
6693,0.5749999999999996
6694,-0.15000000000000013
6695,0.08749999999999941
6696,0.6624999999999996
6697,0.6999999999999994
6698,-0.4437500000000005
6699,0.5312499999999998
6700,0.5687499999999996
6701,0.43749999999999956
6702,0.23749999999999954
6703,0.9124999999999996
6704,0.7812499999999998
6705,0.8187499999999996
6706,0.6062499999999998
6707,0.0749999999999999
6708,-0.01875000000000049
6709,-0.2625000000000006
6710,0.40624999999999967
6711,0.2624999999999996
6712,0.4999999999999997
6713,0.7249999999999996
6714,0.41874999999999973
6715,0.8562500000000003
6716,0.30624999999999997
6717,0.7624999999999997
6718,0.3437499999999994
6719,0.6812499999999998
6720,0.6499999999999997
6721,0.5187499999999996
6722,0.9687499999999996
6723,0.6624999999999996
6724,-0.1437500000000006
6725,0.24374999999999963
6726,0.30624999999999936
6727,0.5624999999999997
6728,0.4874999999999995
6729,0.33749999999999997
6730,0.46874999999999944
6731,0.91875
6732,-0.47500000000000037
6733,0.5312499999999998
6734,0.06874999999999976
6735,0.6499999999999995
6736,0.3812499999999997
6737,0.34374999999999956
6738,0.7687499999999996
6739,0.3187499999999997
6740,0.5812499999999996
6741,1.0812499999999998
6742,0.024999999999999745
6743,0.8187499999999996
6744,0.53125
6745,0.6437499999999998
6746,0.85625
6747,0.33124999999999954
6748,0.5374999999999994
6749,0.5249999999999999
6750,0.5749999999999997
6751,0.13124999999999948
6752,0.5937500000000001
6753,0.5562499999999997
6754,0.19374999999999953
6755,0.5499999999999998
6756,0.33124999999999943
6757,0.031249999999999556
6758,0.01874999999999971
6759,0.8374999999999997
6760,0.7937499999999995
6761,0.1937499999999997
6762,0.4687499999999994
6763,0.2062499999999996
6764,0.22499999999999964
6765,0.75
6766,0.5374999999999996
6767,0.6749999999999998
6768,0.09374999999999944
6769,0.30624999999999947
6770,0.8937499999999997
6771,0.1499999999999999
6772,0.06249999999999972
6773,0.5499999999999998
6774,0.16874999999999962
6775,0.5687499999999996
6776,0.4562499999999999
6777,0.6562499999999996
6778,0.3062499999999993
6779,0.6499999999999995
6780,0.7124999999999998
6781,0.41874999999999984
6782,-0.08750000000000052
6783,0.8499999999999999
6784,0.2562499999999997
6785,0.28124999999999967
6786,0.27499999999999947
6787,0.5312499999999997
6788,0.6375
6789,0.7749999999999999
6790,0.1562499999999999
6791,0.8437499999999998
6792,-0.12500000000000067
6793,-0.04375000000000001
6794,0.36874999999999963
6795,0.19999999999999962
6796,-0.056250000000000466
6797,0.1249999999999995
6798,0.5937499999999996
6799,0.3312499999999994
6800,-0.06250000000000056
6801,0.7687499999999998
6802,0.08124999999999949
6803,0.5437499999999996
6804,0.6187499999999997
6805,0.8187499999999996
6806,0.34999999999999976
6807,0.64375
6808,0.3624999999999993
6809,0.3437499999999999
6810,0.2874999999999994
6811,0.43749999999999983
6812,0.5374999999999996
6813,0.5312499999999993
6814,0.7062499999999998
6815,0.4249999999999996
6816,0.5937499999999997
6817,0.2874999999999997
6818,0.21249999999999963
6819,0.32499999999999957
6820,0.2562499999999997
6821,0.9562499999999998
6822,1.0062499999999996
6823,0.2874999999999994
6824,1.0124999999999993
6825,0.1999999999999995
6826,0.10624999999999946
6827,0.5187499999999996
6828,0.4687499999999997
6829,0.5937499999999997
6830,0.5749999999999994
6831,0.8562500000000001
6832,0.5374999999999995
6833,0.1749999999999996
6834,0.8687500000000002
6835,0.24999999999999956
6836,0.5999999999999996
6837,0.8374999999999999
6838,0.9062499999999996
6839,-0.13750000000000034
6840,0.2562500000000001
6841,0.5812499999999996
6842,0.012499999999999512
6843,0.7062499999999996
6844,0.5937499999999998
6845,0.3437499999999997
6846,0.43749999999999944
6847,0.38125000000000026
6848,0.5812499999999998
6849,0.34999999999999953
6850,0.46874999999999944
6851,0.3499999999999997
6852,-0.09375000000000039
6853,0.8312499999999997
6854,0.4562499999999998
6855,-0.05625000000000041
6856,0.88125
6857,0.5437499999999998
6858,0.5
6859,1.025
6860,0.6187499999999999
6861,0.5312499999999996
6862,0.5249999999999997
6863,0.2937499999999996
6864,0.03124999999999989
6865,1.0687499999999994
6866,0.024999999999999356
6867,0.45624999999999943
6868,-0.10625000000000046
6869,0.2499999999999995
6870,1.0625000000000002
6871,0.31874999999999937
6872,0.6687499999999995
6873,0.4499999999999996
6874,0.5562499999999994
6875,0.03749999999999942
6876,0.7374999999999996
6877,1.36875
6878,0.9187499999999997
6879,-0.10000000000000053
6880,0.056249999999999634
6881,-0.35000000000000053
6882,0.2749999999999995
6883,0.38124999999999937
6884,0.66875
6885,0.14999999999999974
6886,0.16249999999999987
6887,0.3874999999999997
6888,0.86875
6889,-0.2312500000000004
6890,0.5374999999999996
6891,0.5624999999999996
6892,0.44374999999999964
6893,1.0874999999999995
6894,0.2999999999999996
6895,0.32499999999999957
6896,-0.15625000000000044
6897,-0.025000000000000244
6898,0.46875
6899,0.07499999999999957
6900,0.4937499999999997
6901,0.47499999999999976
6902,0.4687499999999995
6903,0.4624999999999999
6904,0.13124999999999992
6905,1.0499999999999998
6906,0.6124999999999998
6907,0.6499999999999997
6908,0.74375
6909,0.4624999999999997
6910,0.5437499999999997
6911,0.024999999999999467
6912,0.4437499999999998
6913,-0.2687500000000003
6914,0.8999999999999997
6915,0.1687499999999993
6916,0.24999999999999956
6917,0.2749999999999994
6918,0.4999999999999996
6919,0.1437499999999997
6920,0.91875
6921,0.9562499999999998
6922,0.19374999999999987
6923,0.7062499999999997
6924,0.45624999999999977
6925,-0.01250000000000051
6926,0.5437499999999997
6927,0.73125
6928,0.47499999999999976
6929,0.4499999999999995
6930,0.5249999999999998
6931,0.0437499999999994
6932,0.23749999999999954
6933,0.6874999999999999
6934,0.19374999999999976
6935,0.8624999999999998
6936,0.5812499999999996
6937,0.58125
6938,0.031249999999999833
6939,0.6124999999999998
6940,0.69375
6941,0.33749999999999963
6942,0.7437499999999999
6943,0.46249999999999925
6944,0.9374999999999999
6945,0.3374999999999995
6946,0.6124999999999996
6947,-0.1437500000000006
6948,0.5437499999999995
6949,0.2687499999999998
6950,0.7875
6951,1.0562499999999997
6952,-0.03125000000000022
6953,1.0437499999999997
6954,0.1312499999999997
6955,0.32499999999999973
6956,0.6125
6957,0.7374999999999998
6958,0.5249999999999998
6959,0.40624999999999994
6960,0.28749999999999964
6961,0.07499999999999984
6962,0.44999999999999957
6963,0.31875000000000003
6964,-0.23125000000000057
6965,0.6625000000000001
6966,1.0187499999999996
6967,0.70625
6968,0.3312499999999995
6969,0.2937499999999996
6970,0.8875
6971,0.28749999999999964
6972,-0.20000000000000018
6973,0.4374999999999995
6974,0.8374999999999996
6975,0.19374999999999987
6976,0.60625
6977,0.29374999999999957
6978,-0.21250000000000036
6979,0.8999999999999998
6980,0.2562499999999996
6981,0.5374999999999996
6982,0.12499999999999956
6983,-0.21250000000000052
6984,0.2562499999999997
6985,0.36249999999999943
6986,0.11249999999999971
6987,0.4687499999999996
6988,0.8312499999999997
6989,0.6375
6990,0.6187499999999998
6991,-0.16250000000000053
6992,0.5499999999999996
6993,0.22499999999999976
6994,0.24374999999999958
6995,0.5937499999999996
6996,0.7562499999999999
6997,0.3062499999999995
6998,0.5374999999999998
6999,0.5749999999999995
7000,-0.10000000000000042
7001,1.1749999999999998
7002,0.21249999999999947
7003,0.7687499999999998
7004,0.2687499999999996
7005,0.4124999999999995
7006,0.2812499999999997
7007,0.8062499999999995
7008,0.1812499999999999
7009,0.3124999999999998
7010,0.4812499999999994
7011,0.4687499999999996
7012,0.8187499999999996
7013,0.018749999999999545
7014,0.6437499999999996
7015,-0.23125000000000034
7016,0.16874999999999973
7017,-0.20625000000000043
7018,0.5124999999999996
7019,0.4312499999999998
7020,0.8937499999999996
7021,0.043749999999999845
7022,1.1687500000000002
7023,0.5874999999999995
7024,0.22499999999999992
7025,0.8500000000000002
7026,0.7249999999999999
7027,1.0625
7028,0.6187499999999999
7029,0.32499999999999984
7030,0.2999999999999995
7031,0.30624999999999986
7032,0.5312499999999996
7033,0.6999999999999995
7034,0.5624999999999997
7035,0.2749999999999995
7036,-2.220446049250313e-16
7037,0.4187499999999996
7038,-0.3312500000000005
7039,0.8249999999999997
7040,0.043749999999999734
7041,0.7187499999999994
7042,0.29999999999999966
7043,0.7999999999999998
7044,1.05625
7045,0.06874999999999953
7046,0.4749999999999996
7047,0.4499999999999998
7048,0.09999999999999976
7049,0.9437499999999996
7050,0.6624999999999996
7051,0.6499999999999998
7052,0.19999999999999962
7053,0.21874999999999956
7054,0.6187499999999998
7055,0.7562500000000001
7056,0.38124999999999964
7057,0.2749999999999998
7058,0.4187499999999996
7059,0.34999999999999964
7060,0.5437499999999997
7061,0.8312499999999998
7062,0.44374999999999976
7063,0.6374999999999997
7064,0.13749999999999984
7065,0.037499999999999645
7066,0.7874999999999998
7067,0.1437499999999996
7068,0.4812499999999998
7069,0.7187499999999997
7070,-0.2812500000000005
7071,0.29999999999999954
7072,0.5999999999999992
7073,0.20624999999999938
7074,0.6125000000000002
7075,0.7999999999999997
7076,0.5562499999999998
7077,0.4749999999999995
7078,0.5749999999999995
7079,0.8187499999999994
7080,0.9874999999999998
7081,0.4062499999999998
7082,0.46874999999999967
7083,0.35624999999999973
7084,0.5749999999999995
7085,0.13749999999999962
7086,0.6124999999999996
7087,0.41874999999999946
7088,0.3374999999999996
7089,0.5624999999999997
7090,0.4937499999999997
7091,-0.20000000000000046
7092,0.4374999999999996
7093,0.18749999999999967
7094,0.6249999999999998
7095,0.31875
7096,0.6437499999999997
7097,0.14999999999999958
7098,0.9874999999999998
7099,0.07499999999999973
7100,0.5
7101,0.7812499999999996
7102,0.10624999999999973
7103,0.5624999999999999
7104,0.6124999999999996
7105,0.4999999999999998
7106,0.4249999999999999
7107,-0.1375000000000003
7108,-0.1437500000000005
7109,0.6187499999999997
7110,0.05624999999999969
7111,0.0437499999999994
7112,0.6937499999999994
7113,0.7187499999999996
7114,0.7562499999999996
7115,0.29374999999999957
7116,0.29374999999999973
7117,0.675
7118,0.34999999999999987
7119,0.6437499999999998
7120,0.42499999999999966
7121,-0.17500000000000043
7122,1.0625000000000004
7123,0.2624999999999998
7124,0.037499999999999534
7125,0.7687499999999998
7126,0.38749999999999984
7127,0.13124999999999964
7128,0.9499999999999995
7129,0.9124999999999999
7130,0.5187499999999996
7131,0.6374999999999998
7132,0.26874999999999954
7133,0.7249999999999993
7134,0.5249999999999995
7135,0.5687499999999996
7136,0.8499999999999994
7137,0.975
7138,-0.09375000000000011
7139,0.5374999999999998
7140,0.3499999999999996
7141,0.7875
7142,-0.4250000000000002
7143,0.1874999999999996
7144,-0.10625000000000034
7145,0.6062499999999997
7146,-0.1687500000000005
7147,0.5687499999999999
7148,0.21249999999999947
7149,0.27499999999999963
7150,0.41874999999999973
7151,0.5874999999999999
7152,0.29374999999999973
7153,0.41249999999999953
7154,0.28749999999999953
7155,0.2749999999999997
7156,-4.440892098500626e-16
7157,0.7812499999999998
7158,0.3937499999999995
7159,0.8749999999999996
7160,-0.13750000000000062
7161,0.26874999999999993
7162,-0.30625000000000036
7163,0.38749999999999934
7164,0.8999999999999996
7165,0.5187499999999994
7166,0.49374999999999963
7167,0.7687500000000002
7168,0.5687499999999999
7169,0.5624999999999994
7170,-0.1375000000000003
7171,0.8749999999999998
7172,-0.3687500000000004
7173,0.2749999999999994
7174,0.10624999999999957
7175,-0.006250000000000533
7176,0.3999999999999997
7177,0.4499999999999997
7178,0.2999999999999996
7179,0.10624999999999957
7180,0.024999999999999578
7181,0.4624999999999997
7182,0.5437499999999993
7183,0.36249999999999977
7184,0.9249999999999995
7185,0.3937499999999995
7186,0.3062499999999997
7187,0.4687499999999996
7188,0.5124999999999996
7189,0.8062499999999998
7190,0.6
7191,-0.1875000000000005
7192,0.8437499999999998
7193,0.34999999999999953
7194,0.38124999999999987
7195,0.33749999999999963
7196,0.4687500000000001
7197,-0.39375000000000027
7198,-0.0312500000000005
7199,0.40624999999999967
7200,1.1312499999999996
7201,0.4812499999999998
7202,-0.14375000000000032
7203,0.3249999999999995
7204,0.5249999999999995
7205,0.84375
7206,0.5187499999999997
7207,0.9624999999999999
7208,0.5124999999999995
7209,-0.06250000000000039
7210,0.2812499999999996
7211,0.050000000000000155
7212,0.7874999999999995
7213,0.5999999999999996
7214,0.83125
7215,0.6624999999999996
7216,0.38124999999999964
7217,0.6937499999999995
7218,0.20624999999999954
7219,0.2499999999999996
7220,0.5124999999999997
7221,0.9937499999999999
7222,0.4874999999999998
7223,0.5437499999999996
7224,0.35624999999999996
7225,0.5624999999999997
7226,0.5312499999999998
7227,0.037499999999999645
7228,-0.20000000000000018
7229,0.2874999999999995
7230,0.1437499999999997
7231,0.43124999999999947
7232,0.2499999999999995
7233,0.07499999999999984
7234,-0.19375000000000037
7235,-0.6250000000000007
7236,-0.0375000000000002
7237,0.7687499999999998
7238,0.2874999999999994
7239,1.0625
7240,0.5937499999999998
7241,-0.04375000000000051
7242,0.28749999999999964
7243,0.35000000000000003
7244,0.8499999999999995
7245,0.2874999999999996
7246,0.6374999999999995
7247,0.7812499999999998
7248,0.7312499999999998
7249,0.33749999999999963
7250,0.35624999999999973
7251,0.031249999999999556
7252,0.09999999999999976
7253,0.2124999999999999
7254,0.6124999999999998
7255,0.19374999999999964
7256,0.4562499999999995
7257,0.7624999999999997
7258,0.6624999999999995
7259,0.03124999999999939
7260,0.875
7261,0.2312499999999998
7262,-3.885780586188048e-16
7263,0.1624999999999996
7264,0.5937499999999998
7265,0.40624999999999983
7266,0.36249999999999966
7267,0.024999999999999578
7268,0.3187499999999997
7269,0.08749999999999974
7270,0.39999999999999947
7271,0.8187499999999996
7272,0.1312499999999997
7273,0.9874999999999999
7274,0.28124999999999956
7275,0.28749999999999964
7276,0.6874999999999997
7277,0.7249999999999996
7278,0.6124999999999998
7279,0.3499999999999996
7280,0.7374999999999997
7281,0.8437499999999998
7282,0.2249999999999996
7283,0.6312499999999999
7284,0.575
7285,0.6874999999999998
7286,0.4249999999999996
7287,0.03124999999999939
7288,0.5124999999999998
7289,0.8687499999999999
7290,-0.018750000000000433
7291,0.54375
7292,0.4125
7293,0.4749999999999994
7294,0.8062499999999994
7295,0.5062499999999999
7296,0.19999999999999984
7297,-0.06875000000000042
7298,0.26874999999999966
7299,0.12499999999999961
7300,0.5375
7301,0.6499999999999995
7302,0.41249999999999953
7303,0.4187499999999997
7304,0.8562499999999993
7305,0.08749999999999969
7306,0.3249999999999994
7307,0.5499999999999994
7308,0.6499999999999997
7309,0.1624999999999998
7310,0.8687499999999995
7311,0.30624999999999986
7312,0.5187499999999997
7313,0.6874999999999999
7314,0.5749999999999995
7315,0.6375
7316,0.4499999999999995
7317,0.6187499999999992
7318,0.5937499999999998
7319,0.5312499999999994
7320,0.3624999999999996
7321,1.0624999999999998
7322,0.09999999999999998
7323,0.1562499999999999
7324,0.84375
7325,0.70625
7326,0.012499999999999623
7327,0.4312499999999998
7328,0.8374999999999995
7329,0.25624999999999964
7330,-0.08125000000000032
7331,0.6999999999999997
7332,0.7374999999999999
7333,0.3937499999999997
7334,0.7687499999999996
7335,0.5937499999999998
7336,0.012499999999999845
7337,0.4874999999999995
7338,0.5687499999999994
7339,0.5749999999999997
7340,0.5062499999999996
7341,0.8499999999999995
7342,0.5312499999999998
7343,0.0187499999999996
7344,0.3062499999999995
7345,0.6499999999999995
7346,0.24999999999999922
7347,0.36874999999999936
7348,0.16874999999999957
7349,0.8562499999999996
7350,0.10624999999999973
7351,-0.20625000000000043
7352,0.4062499999999994
7353,0.19374999999999964
7354,0.14999999999999963
7355,0.5125
7356,0.75625
7357,0.6749999999999995
7358,0.5124999999999995
7359,0.4062499999999995
7360,0.7687499999999996
7361,-0.15625000000000044
7362,0.09374999999999967
7363,0.26874999999999966
7364,0.2999999999999996
7365,0.21874999999999956
7366,0.19374999999999926
7367,0.34999999999999976
7368,0.3937499999999997
7369,0.36249999999999966
7370,0.21874999999999956
7371,0.2062499999999996
7372,0.43749999999999956
7373,0.4562499999999995
7374,0.5749999999999996
7375,0.20624999999999982
7376,0.19999999999999962
7377,0.6749999999999993
7378,0.41874999999999973
7379,-0.06250000000000067
7380,-0.11250000000000032
7381,0.21874999999999967
7382,0.4562499999999996
7383,0.2124999999999994
7384,0.2937499999999996
7385,0.3812499999999997
7386,0.47499999999999976
7387,1.0999999999999999
7388,0.47499999999999964
7389,0.5249999999999997
7390,0.39999999999999947
7391,0.3749999999999999
7392,0.79375
7393,1.0687499999999996
7394,0.47499999999999953
7395,0.4999999999999998
7396,0.31249999999999967
7397,0.3687499999999997
7398,0.1187499999999998
7399,-0.012500000000000455
7400,0.13749999999999962
7401,0.6312499999999996
7402,0.6062499999999995
7403,0.024999999999999523
7404,0.7687499999999998
7405,0.5249999999999997
7406,0.4124999999999996
7407,0.056249999999999745
7408,-0.09375000000000033
7409,0.4624999999999998
7410,0.28749999999999953
7411,0.9374999999999998
7412,0.11249999999999988
7413,0.4312499999999997
7414,0.29999999999999993
7415,0.38124999999999976
7416,0.04374999999999957
7417,0.062499999999999445
7418,0.49999999999999983
7419,0.6250000000000001
7420,0.1499999999999997
7421,0.4812499999999997
7422,0.4437499999999997
7423,0.8874999999999995
7424,0.1687499999999995
7425,0.3062499999999998
7426,0.4624999999999997
7427,-3.3306690738754696e-16
7428,0.11249999999999949
7429,0.8437499999999996
7430,0.93125
7431,0.23749999999999954
7432,-0.056250000000000244
7433,0.29999999999999966
7434,0.07499999999999951
7435,-0.0875000000000003
7436,0.23749999999999982
7437,0.33124999999999954
7438,0.5624999999999998
7439,0.30624999999999974
7440,0.2187499999999999
7441,-0.0875000000000003
7442,0.1499999999999998
7443,0.2249999999999997
7444,-0.10625000000000062
7445,-0.29375000000000046
7446,0.2874999999999993
7447,0.6437499999999998
7448,-0.006250000000000533
7449,-0.2000000000000005
7450,0.7625
7451,0.39999999999999947
7452,0.25624999999999987
7453,0.6937499999999999
7454,0.2562499999999999
7455,0.13124999999999987
7456,0.4312499999999997
7457,0.8312499999999998
7458,0.60625
7459,0.5062499999999995
7460,0.24374999999999997
7461,0.062499999999999556
7462,0.3874999999999997
7463,-0.07500000000000057
7464,-0.12500000000000044
7465,0.5062499999999999
7466,0.31249999999999956
7467,0.8562499999999997
7468,1.0124999999999997
7469,0.27499999999999963
7470,0.40624999999999967
7471,1.175
7472,0.8874999999999996
7473,0.6937499999999999
7474,0.09374999999999967
7475,0.3875
7476,0.17499999999999977
7477,0.34374999999999944
7478,0.3749999999999998
7479,-0.16250000000000053
7480,-0.06250000000000044
7481,0.3687499999999998
7482,0.37499999999999944
7483,0.10624999999999957
7484,0.8374999999999997
7485,0.6374999999999997
7486,0.4499999999999996
7487,0.2937499999999995
7488,0.8062499999999996
7489,0.5999999999999996
7490,0.7562499999999996
7491,0.7249999999999996
7492,0.23124999999999968
7493,0.5749999999999997
7494,0.5812499999999998
7495,0.5062499999999996
7496,0.11249999999999954
7497,0.4437499999999996
7498,0.19374999999999942
7499,0.9687499999999998
7500,0.5124999999999995
7501,0.3062499999999997
7502,0.6124999999999996
7503,1.0125000000000002
7504,0.3124999999999996
7505,0.6937499999999999
7506,-0.3750000000000003
7507,0.5812499999999998
7508,0.3999999999999996
7509,0.3437499999999998
7510,0.4062499999999997
7511,0.1812499999999997
7512,0.2999999999999996
7513,0.5687499999999998
7514,0.50625
7515,0.3499999999999994
7516,0.7437499999999995
7517,0.5687499999999996
7518,0.4812499999999997
7519,0.3999999999999996
7520,0.3124999999999999
7521,0.48749999999999954
7522,0.4687499999999997
7523,-0.09375000000000022
7524,0.2249999999999998
7525,0.23124999999999973
7526,0.8187499999999999
7527,0.40624999999999967
7528,0.20624999999999982
7529,-0.06875000000000003
7530,0.64375
7531,-0.2562500000000004
7532,0.18749999999999967
7533,0.2374999999999996
7534,0.6749999999999997
7535,0.1437499999999997
7536,0.8999999999999999
7537,0.6374999999999995
7538,-0.13750000000000057
7539,0.12499999999999989
7540,0.6249999999999999
7541,0.13749999999999957
7542,0.3249999999999997
7543,-0.1250000000000005
7544,0.43124999999999963
7545,0.11874999999999991
7546,0.6624999999999996
7547,0.2624999999999997
7548,0.09999999999999959
7549,0.024999999999999523
7550,0.5749999999999997
7551,0.4937499999999994
7552,-0.2750000000000003
7553,0.5562499999999996
7554,0.3749999999999997
7555,0.34999999999999937
7556,-0.31875000000000053
7557,0.29374999999999973
7558,0.43749999999999983
7559,0.3249999999999996
7560,0.11249999999999966
7561,0.23749999999999982
7562,-0.0062500000000002
7563,-0.2937500000000004
7564,0.09999999999999942
7565,0.13124999999999964
7566,0.7437499999999999
7567,0.4499999999999994
7568,0.26249999999999973
7569,0.5687499999999999
7570,0.6937499999999996
7571,0.5499999999999996
7572,0.6687499999999993
7573,0.42499999999999954
7574,0.6687499999999997
7575,0.3874999999999995
7576,0.06874999999999976
7577,0.28749999999999976
7578,0.7937499999999997
7579,0.4937499999999998
7580,0.1624999999999997
7581,0.4937499999999998
7582,0.95625
7583,0.31874999999999964
7584,0.7374999999999998
7585,0.4312499999999997
7586,-0.050000000000000155
7587,0.12499999999999944
7588,0.031249999999999556
7589,0.6124999999999998
7590,0.3874999999999997
7591,1.0749999999999997
7592,0.46874999999999944
7593,0.2624999999999996
7594,0.4374999999999996
7595,0.08749999999999986
7596,0.38749999999999946
7597,0.8687499999999998
7598,0.7437499999999997
7599,0.3687499999999996
7600,-0.11875000000000036
7601,-0.08750000000000052
7602,0.0499999999999996
7603,0.3312499999999998
7604,0.9374999999999997
7605,0.3687499999999995
7606,0.9624999999999999
7607,0.5374999999999993
7608,0.80625
7609,0.25625
7610,0.53125
7611,0.08124999999999982
7612,0.3249999999999998
7613,0.5749999999999997
7614,0.4062499999999997
7615,0.1937499999999996
7616,0.5937499999999998
7617,0.36874999999999986
7618,0.7687499999999997
7619,0.36249999999999927
7620,0.27499999999999947
7621,0.5187499999999997
7622,-0.3312500000000005
7623,0.44999999999999973
7624,0.2749999999999998
7625,0.6500000000000001
7626,0.34999999999999976
7627,0.14999999999999958
7628,0.012500000000000011
7629,0.68125
7630,0.9312500000000001
7631,0.39374999999999993
7632,-0.09375000000000039
7633,0.02499999999999969
7634,-0.40000000000000047
7635,0.26874999999999943
7636,0.43124999999999963
7637,0.7374999999999994
7638,0.4249999999999996
7639,-0.2000000000000003
7640,0.24374999999999986
7641,0.3499999999999995
7642,0.04999999999999949
7643,0.7875000000000001
7644,0.8437499999999993
7645,0.5999999999999994
7646,0.11874999999999958
7647,0.14999999999999952
7648,0.69375
7649,0.2937499999999997
7650,-0.10625000000000051
7651,0.16874999999999957
7652,0.6812499999999998
7653,0.3749999999999999
7654,0.2937499999999996
7655,0.5937499999999998
7656,0.6374999999999996
7657,0.31249999999999967
7658,0.5312499999999993
7659,0.6937499999999999
7660,0.7312499999999996
7661,0.4687499999999996
7662,0.09374999999999939
7663,0.725
7664,0.2437499999999997
7665,-0.006250000000000588
7666,0.3749999999999994
7667,0.5687499999999998
7668,0.4312499999999999
7669,0.4437499999999995
7670,0.0812499999999996
7671,0.6437499999999998
7672,1.0625
7673,0.4999999999999999
7674,0.9187499999999996
7675,0.4812499999999995
7676,0.5187499999999996
7677,0.5312499999999998
7678,0.7124999999999994
7679,0.24374999999999963
7680,0.18749999999999983
7681,0.40624999999999983
7682,0.6687500000000002
7683,0.9625
7684,0.25624999999999987
7685,0.41249999999999976
7686,0.24999999999999978
7687,0.3812499999999996
7688,0.26249999999999984
7689,0.21249999999999947
7690,0.2749999999999997
7691,0.6437499999999998
7692,0.18124999999999958
7693,0.19999999999999962
7694,0.4749999999999997
7695,0.6062499999999996
7696,0.7374999999999996
7697,0.42499999999999966
7698,-0.4875000000000004
7699,0.2499999999999996
7700,0.5437499999999995
7701,0.2562499999999997
7702,0.3062499999999996
7703,0.012499999999999956
7704,0.38749999999999984
7705,0.6562499999999997
7706,0.2937499999999996
7707,0.3062499999999999
7708,0.062499999999999556
7709,0.6687499999999997
7710,1.13125
7711,0.8624999999999998
7712,0.41249999999999987
7713,0.7374999999999997
7714,0.4187499999999996
7715,-0.13125000000000053
7716,1.0312499999999996
7717,0.5062499999999996
7718,0.21249999999999986
7719,0.875
7720,0.2999999999999993
7721,0.3812499999999997
7722,0.5499999999999996
7723,0.8499999999999995
7724,0.19374999999999953
7725,0.018749999999999822
7726,0.9624999999999996
7727,0.85
7728,0.2374999999999995
7729,0.06874999999999959
7730,-0.4625000000000006
7731,0.06249999999999972
7732,0.3312499999999997
7733,0.4999999999999999
7734,0.7187499999999998
7735,0.8249999999999997
7736,0.7062499999999997
7737,0.33124999999999966
7738,0.14375
7739,0.09999999999999937
7740,0.4812499999999998
7741,0.9124999999999998
7742,1.35625
7743,1.0062499999999996
7744,0.6062499999999993
7745,0.6187500000000001
7746,0.6374999999999995
7747,0.5874999999999999
7748,0.41874999999999973
7749,0.29374999999999973
7750,0.08749999999999936
7751,0.5312499999999999
7752,0.6437499999999995
7753,0.25624999999999976
7754,0.7249999999999999
7755,0.69375
7756,0.49999999999999983
7757,0.5375
7758,-3.885780586188048e-16
7759,0.4874999999999996
7760,0.2562499999999997
7761,0.4124999999999994
7762,1.125
7763,0.4999999999999997
7764,0.35624999999999946
7765,0.20624999999999977
7766,0.4687499999999994
7767,0.76875
7768,-0.14375000000000016
7769,0.6812499999999999
7770,0.06874999999999959
7771,0.6187499999999997
7772,0.38124999999999987
7773,0.3687499999999996
7774,-0.2312500000000005
7775,0.15624999999999972
7776,0.23124999999999968
7777,0.5562499999999995
7778,0.6499999999999997
7779,0.4312499999999997
7780,0.36874999999999997
7781,-0.006250000000000366
7782,0.36249999999999966
7783,0.2624999999999994
7784,0.11874999999999936
7785,0.28124999999999944
7786,0.13749999999999962
7787,0.44375
7788,0.6874999999999996
7789,0.7937500000000002
7790,0.6124999999999998
7791,0.45624999999999977
7792,0.43124999999999974
7793,1.0374999999999994
7794,0.49374999999999974
7795,0.16249999999999987
7796,0.5124999999999997
7797,0.3687499999999995
7798,0.2249999999999996
7799,0.5874999999999995
7800,0.6499999999999995
7801,0.8687499999999999
7802,0.21874999999999978
7803,0.8062499999999997
7804,0.6437499999999996
7805,0.5187499999999996
7806,0.7999999999999999
7807,0.6187499999999998
7808,0.5562499999999997
7809,0.46875
7810,0.2499999999999995
7811,0.3687499999999996
7812,0.6999999999999997
7813,0.47499999999999987
7814,0.4874999999999996
7815,0.4687500000000001
7816,0.2999999999999997
7817,0.6499999999999997
7818,0.9312500000000001
7819,0.3687499999999995
7820,0.7125000000000001
7821,0.13124999999999953
7822,0.73125
7823,1.0375
7824,0.7124999999999994
7825,0.4624999999999997
7826,0.7062499999999996
7827,0.34374999999999967
7828,0.5749999999999994
7829,0.5874999999999997
7830,0.37499999999999967
7831,0.5687499999999996
7832,-0.06250000000000033
7833,0.0625
7834,0.10624999999999962
7835,0.46874999999999956
7836,0.46249999999999947
7837,0.8937499999999998
7838,0.13749999999999984
7839,0.39375
7840,0.4562499999999996
7841,0.09999999999999953
7842,-0.15000000000000047
7843,0.23749999999999977
7844,0.5437499999999995
7845,0.5062499999999996
7846,0.6187499999999997
7847,0.18749999999999978
7848,0.31249999999999933
7849,0.6124999999999996
7850,0.6562499999999998
7851,0.20624999999999966
7852,0.5499999999999994
7853,0.012499999999999567
7854,0.3124999999999995
7855,0.4874999999999999
7856,0.4437499999999997
7857,0.90625
7858,0.44375000000000003
7859,0.23749999999999954
7860,0.5062500000000001
7861,0.41249999999999937
7862,0.4749999999999995
7863,0.6499999999999997
7864,-0.20625000000000038
7865,0.7937499999999997
7866,0.16874999999999946
7867,0.5562499999999996
7868,0.3999999999999997
7869,0.40624999999999983
7870,0.98125
7871,1.0937499999999996
7872,0.7374999999999999
7873,0.9374999999999998
7874,0.1999999999999994
7875,0.3999999999999994
7876,0.9562499999999997
7877,0.3874999999999995
7878,1.3062499999999997
7879,0.6562499999999998
7880,0.2187499999999995
7881,0.8187499999999996
7882,1.0062499999999999
7883,0.4874999999999999
7884,0.31875
7885,0.3749999999999996
7886,0.3999999999999995
7887,1.1249999999999998
7888,0.36249999999999943
7889,0.5812499999999997
7890,0.06874999999999959
7891,0.30624999999999947
7892,0.4749999999999994
7893,0.2124999999999998
7894,0.006249999999999534
7895,0.4312499999999997
7896,0.4124999999999999
7897,0.8624999999999994
7898,0.22499999999999964
7899,0.6187499999999996
7900,0.024999999999999467
7901,-0.46875000000000044
7902,-0.3562500000000003
7903,-0.17500000000000066
7904,0.46874999999999967
7905,0.26249999999999973
7906,0.06874999999999948
7907,-0.01875000000000021
7908,0.09999999999999964
7909,1.0937499999999998
7910,0.34374999999999944
7911,0.26249999999999973
7912,0.7187499999999998
7913,0.38749999999999996
7914,0.2999999999999997
7915,0.9124999999999999
7916,0.40624999999999933
7917,0.06874999999999959
7918,-0.15000000000000047
7919,0.5499999999999994
7920,0.3874999999999994
7921,0.6874999999999997
7922,0.6624999999999999
7923,0.09999999999999948
7924,0.5312499999999993
7925,-0.16250000000000042
7926,0.2562499999999994
7927,0.8749999999999999
7928,1.0124999999999995
7929,0.46249999999999947
7930,0.3999999999999994
7931,0.3812499999999998
7932,0.09999999999999953
7933,0.7874999999999992
7934,0.2562499999999997
7935,0.06874999999999964
7936,0.5437499999999995
7937,0.44374999999999964
7938,0.5375
7939,0.5937499999999993
7940,0.2374999999999997
7941,0.06249999999999961
7942,0.5937499999999997
7943,0.06874999999999948
7944,0.7437499999999999
7945,0.5124999999999998
7946,0.7249999999999999
7947,0.6249999999999996
7948,0.2062499999999996
7949,0.9812499999999995
7950,0.3249999999999996
7951,0.4624999999999996
7952,0.1812499999999998
7953,-0.018750000000000155
7954,0.3687499999999998
7955,0.46874999999999956
7956,0.2437499999999999
7957,0.41875
7958,-0.2062500000000006
7959,0.6874999999999998
7960,0.41874999999999984
7961,0.5562499999999999
7962,0.7374999999999999
7963,0.6749999999999996
7964,-0.006250000000000311
7965,0.21249999999999958
7966,0.4499999999999998
7967,0.1624999999999998
7968,0.4437499999999993
7969,0.32499999999999973
7970,-0.037500000000000366
7971,0.5437499999999998
7972,0.4749999999999997
7973,0.3312499999999998
7974,0.3937499999999999
7975,0.21874999999999967
7976,0.5249999999999997
7977,0.3562499999999994
7978,0.6062499999999995
7979,0.5687499999999994
7980,0.9812499999999995
7981,0.3124999999999997
7982,0.28124999999999933
7983,0.5499999999999995
7984,0.35624999999999946
7985,0.6812499999999997
7986,0.03749999999999948
7987,0.0187499999999996
7988,-0.0687500000000002
7989,0.7874999999999999
7990,0.4062499999999999
7991,-0.08750000000000058
7992,0.24374999999999963
7993,-0.40000000000000047
7994,0.12499999999999967
7995,0.8687499999999997
7996,0.02499999999999969
7997,0.43749999999999967
7998,0.5062499999999998
7999,0.9812499999999997
8000,0.46249999999999986
8001,0.11249999999999982
8002,0.031249999999999667
8003,0.5124999999999997
8004,-0.2062500000000006
8005,0.1687499999999998
8006,0.36249999999999966
8007,-0.11875000000000052
8008,0.3999999999999996
8009,-0.2375000000000005
8010,0.1499999999999998
8011,0.32499999999999984
8012,0.4624999999999994
8013,0.3312499999999997
8014,0.29999999999999954
8015,0.3187499999999995
8016,0.4749999999999999
8017,0.8687499999999997
8018,0.5999999999999996
8019,-0.11250000000000027
8020,-0.12500000000000022
8021,0.0999999999999997
8022,0.7687499999999996
8023,1.11875
8024,0.08124999999999971
8025,0.3687499999999995
8026,0.9875000000000003
8027,-0.025000000000000466
8028,0.25624999999999953
8029,0.04375000000000001
8030,0.3562499999999994
8031,0.2937499999999996
8032,0.6874999999999998
8033,0.38749999999999957
8034,0.8062499999999996
8035,0.34999999999999964
8036,0.4187499999999999
8037,0.4499999999999996
8038,0.2687499999999997
8039,0.53125
8040,0.8312499999999998
8041,0.3874999999999995
8042,-0.08750000000000041
8043,0.2874999999999996
8044,0.6874999999999998
8045,0.32499999999999934
8046,-0.08125000000000049
8047,0.7249999999999999
8048,0.8812499999999995
8049,0.1499999999999997
8050,0.0749999999999994
8051,0.49374999999999997
8052,0.3249999999999999
8053,0.6312499999999996
8054,0.6624999999999996
8055,0.5249999999999995
8056,0.05624999999999941
8057,0.2999999999999996
8058,0.23124999999999968
8059,0.15624999999999944
8060,0.42499999999999966
8061,0.38124999999999937
8062,0.7999999999999997
8063,0.5437499999999998
8064,0.6999999999999995
8065,1.2312499999999997
8066,0.28749999999999987
8067,1.30625
8068,0.3687499999999994
8069,0.6937499999999996
8070,0.6249999999999998
8071,0.08124999999999949
8072,0.2624999999999994
8073,0.11874999999999991
8074,0.3374999999999997
8075,0.3937499999999997
8076,0.5499999999999995
8077,0.5562500000000001
8078,0.2687499999999995
8079,0.2312499999999995
8080,0.6749999999999996
8081,0.8062499999999995
8082,0.7812499999999997
8083,0.5499999999999996
8084,0.5062499999999996
8085,0.49374999999999974
8086,0.33749999999999963
8087,0.5749999999999993
8088,0.7062499999999994
8089,0.19374999999999953
8090,0.48124999999999984
8091,0.4187499999999997
8092,0.5999999999999996
8093,0.33124999999999977
8094,0.11874999999999969
8095,0.5499999999999997
8096,0.3437499999999997
8097,-0.13125000000000053
8098,0.6812499999999997
8099,0.6874999999999996
8100,-0.025000000000000522
8101,0.7749999999999997
8102,0.9249999999999999
8103,0.19374999999999964
8104,0.6312499999999996
8105,0.5812499999999998
8106,0.5874999999999997
8107,0.5374999999999999
8108,0.7312499999999998
8109,0.3687499999999997
8110,-0.40000000000000036
8111,0.32499999999999973
8112,0.7062499999999994
8113,-0.16250000000000037
8114,0.5812499999999999
8115,0.3812499999999993
8116,0.6124999999999996
8117,0.7374999999999996
8118,0.5312499999999998
8119,-0.16250000000000037
8120,0.6687499999999998
8121,0.012499999999999789
8122,0.3187499999999997
8123,0.3999999999999997
8124,0.24999999999999972
8125,0.5187499999999996
8126,0.35624999999999973
8127,0.3562499999999995
8128,0.6249999999999996
8129,0.16249999999999953
8130,0.14374999999999927
8131,0.03749999999999987
8132,0.8374999999999997
8133,0.5999999999999994
8134,0.3062499999999997
8135,0.22499999999999987
8136,0.5249999999999997
8137,0.24374999999999925
8138,0.35
8139,0.9624999999999995
8140,0.18124999999999947
8141,0.2999999999999999
8142,0.6624999999999996
8143,0.8999999999999995
8144,0.2624999999999994
8145,0.1874999999999994
8146,0.5812499999999997
8147,0.5999999999999998
8148,0.875
8149,0.4812499999999997
8150,0.11249999999999988
8151,0.037499999999999534
8152,0.38124999999999964
8153,0.8562499999999997
8154,0.1999999999999999
8155,0.4062499999999996
8156,-0.07500000000000051
8157,0.13749999999999957
8158,0.48749999999999993
8159,0.28124999999999983
8160,0.11249999999999949
8161,0.3187499999999997
8162,0.6937499999999999
8163,0.6124999999999995
8164,0.7437499999999994
8165,0.46874999999999956
8166,0.17499999999999943
8167,0.024999999999999523
8168,0.39374999999999954
8169,0.5562499999999996
8170,0.6999999999999996
8171,0.4749999999999995
8172,0.23124999999999973
8173,0.7312499999999995
8174,0.7625
8175,0.9687499999999996
8176,0.2687499999999997
8177,0.5437499999999996
8178,0.3874999999999995
8179,0.34374999999999983
8180,0.3562499999999998
8181,0.5249999999999997
8182,-0.1062500000000004
8183,0.2624999999999995
8184,0.3437499999999996
8185,-0.31250000000000033
8186,0.6000000000000001
8187,0.24374999999999952
8188,0.08749999999999958
8189,0.8062499999999997
8190,0.6374999999999997
8191,-0.01875000000000049
8192,0.42499999999999977
8193,0.5812499999999994
8194,0.18749999999999967
8195,0.21249999999999958
8196,0.3374999999999995
8197,0.3249999999999999
8198,0.3562499999999997
8199,-0.09375000000000061
8200,0.2937499999999996
8201,0.5062499999999996
8202,0.8124999999999998
8203,0.5499999999999997
8204,0.7562499999999994
8205,0.9562499999999996
8206,0.6499999999999999
8207,0.26249999999999973
8208,0.7624999999999997
8209,0.16249999999999987
8210,-0.20625000000000016
8211,0.49374999999999974
8212,0.15624999999999983
8213,0.2875
8214,0.1624999999999993
8215,-0.23750000000000054
8216,-0.08750000000000013
8217,0.7499999999999998
8218,0.08749999999999958
8219,0.16249999999999976
8220,0.7624999999999995
8221,0.5249999999999997
8222,0.21249999999999952
8223,-0.1437500000000005
8224,0.4624999999999995
8225,0.7749999999999999
8226,0.36874999999999986
8227,0.6437500000000002
8228,0.09999999999999953
8229,0.012499999999999623
8230,0.7312499999999998
8231,0.8624999999999995
8232,0.48124999999999996
8233,0.41249999999999953
8234,-0.23750000000000004
8235,0.03124999999999928
8236,0.6937499999999995
8237,0.2749999999999999
8238,0.4999999999999996
8239,-0.2375000000000002
8240,0.7499999999999996
8241,0.8937499999999995
8242,0.3687499999999997
8243,1.0499999999999996
8244,0.8624999999999994
8245,0.5625
8246,0.4999999999999997
8247,0.5749999999999997
8248,-0.025000000000000466
8249,-0.06250000000000033
8250,0.08124999999999977
8251,0.6937500000000001
8252,0.42499999999999966
8253,0.28749999999999976
8254,0.63125
8255,-0.21875000000000033
8256,0.17499999999999993
8257,0.23124999999999996
8258,0.07499999999999951
8259,0.04374999999999951
8260,0.7187499999999998
8261,0.4374999999999997
8262,1.1187499999999995
8263,0.9749999999999999
8264,0.5624999999999998
8265,0.3312499999999999
8266,-0.26250000000000057
8267,0.2249999999999996
8268,0.3062499999999998
8269,0.46249999999999963
8270,0.2249999999999997
8271,0.4312499999999996
8272,0.48749999999999977
8273,0.7312499999999997
8274,0.24374999999999958
8275,0.5624999999999998
8276,0.06249999999999967
8277,0.2124999999999998
8278,0.41249999999999937
8279,0.8812499999999996
8280,0.6499999999999997
8281,1.09375
8282,0.4562499999999995
8283,-0.10625000000000023
8284,0.09374999999999972
8285,0.7624999999999998
8286,0.2437499999999998
8287,-0.2625000000000005
8288,0.4312499999999998
8289,0.6312499999999995
8290,0.36874999999999997
8291,0.31874999999999987
8292,-0.006250000000000144
8293,0.1812499999999998
8294,1.1249999999999998
8295,0.23124999999999962
8296,0.5187499999999998
8297,0.8999999999999996
8298,0.1812499999999994
8299,0.34374999999999983
8300,-0.018750000000000266
8301,0.8187499999999996
8302,-0.012500000000000622
8303,0.47499999999999987
8304,0.4874999999999997
8305,0.5374999999999996
8306,0.5187499999999998
8307,-0.34375000000000044
8308,0.13749999999999968
8309,0.5374999999999996
8310,0.18749999999999967
8311,-0.15625000000000056
8312,0.5437499999999997
8313,0.47499999999999964
8314,0.23749999999999954
8315,0.01874999999999971
8316,0.5687499999999995
8317,0.5749999999999998
8318,0.35624999999999984
8319,0.44374999999999964
8320,0.7624999999999995
8321,0.8499999999999994
8322,0.39999999999999974
8323,1.0250000000000001
8324,0.5437499999999995
8325,-1.6653345369377348e-16
8326,0.8374999999999997
8327,-0.1312500000000003
8328,0.3062499999999997
8329,-0.8875000000000006
8330,1.0937499999999996
8331,0.2437499999999998
8332,0.05624999999999947
8333,0.08124999999999977
8334,0.6124999999999995
8335,0.6249999999999994
8336,0.4625
8337,0.66875
8338,0.04374999999999962
8339,-0.006250000000000644
8340,-3.885780586188048e-16
8341,0.1312499999999993
8342,0.043749999999999734
8343,0.4937499999999997
8344,-0.22500000000000042
8345,0.24999999999999978
8346,0.63125
8347,0.7124999999999999
8348,0.5874999999999999
8349,-0.13125000000000048
8350,0.8249999999999998
8351,0.31249999999999933
8352,0.1874999999999996
8353,0.4062499999999996
8354,0.6937499999999996
8355,0.19999999999999968
8356,0.7374999999999998
8357,-0.12500000000000044
8358,0.21874999999999956
8359,0.25624999999999976
8360,1.03125
8361,0.4749999999999998
8362,0.4749999999999996
8363,0.3124999999999997
8364,0.4812499999999997
8365,0.0812499999999996
8366,0.3437499999999998
8367,0.5812499999999995
8368,0.18749999999999972
8369,-0.20625000000000038
8370,0.6124999999999998
8371,0.43749999999999967
8372,0.32499999999999957
8373,0.6187499999999997
8374,0.04374999999999962
8375,0.575
8376,0.66875
8377,0.7062499999999996
8378,0.49999999999999956
8379,-0.28125000000000044
8380,0.7624999999999997
8381,0.3749999999999999
8382,0.7999999999999996
8383,0.18749999999999956
8384,0.5249999999999996
8385,-3.3306690738754696e-16
8386,0.4124999999999996
8387,0.7937499999999997
8388,0.08124999999999954
8389,-0.3500000000000005
8390,0.41874999999999957
8391,0.4124999999999996
8392,0.031249999999999334
8393,0.4499999999999996
8394,0.5312499999999997
8395,0.37499999999999956
8396,0.5562499999999998
8397,0.4812499999999997
8398,0.26874999999999966
8399,0.5812499999999995
8400,0.7812499999999996
8401,0.5312499999999999
8402,0.8062499999999995
8403,0.11874999999999974
8404,0.31249999999999956
8405,0.4812499999999996
8406,0.43749999999999967
8407,0.6437499999999996
8408,0.2749999999999995
8409,0.4187499999999997
8410,-0.0125000000000004
8411,0.7874999999999999
8412,0.29374999999999984
8413,0.31249999999999933
8414,0.7812499999999998
8415,0.6687499999999997
8416,0.21874999999999978
8417,0.49374999999999936
8418,0.3812499999999995
8419,0.31874999999999976
8420,0.14374999999999966
8421,-0.11875000000000041
8422,0.6562499999999996
8423,0.4624999999999998
8424,0.6624999999999995
8425,0.7
8426,0.09374999999999967
8427,0.4312499999999995
8428,0.43124999999999974
8429,0.012499999999999789
8430,0.6437499999999996
8431,0.9312499999999998
8432,0.33125000000000004
8433,0.4499999999999998
8434,0.6937499999999998
8435,0.9187499999999998
8436,0.575
8437,0.4937499999999999
8438,0.5499999999999999
8439,0.2999999999999998
8440,0.14999999999999958
8441,0.6062499999999997
8442,0.46249999999999986
8443,0.43124999999999963
8444,0.4312499999999996
8445,0.5749999999999997
8446,0.7499999999999997
8447,0.21249999999999974
8448,0.25624999999999953
8449,0.2499999999999994
8450,0.3562499999999997
8451,0.11249999999999949
8452,0.1812499999999999
8453,0.8999999999999999
8454,0.38749999999999946
8455,0.11874999999999941
8456,0.5437499999999997
8457,0.4999999999999998
8458,0.47499999999999987
8459,0.8312499999999999
8460,0.1937499999999996
8461,-0.20625000000000043
8462,0.4562499999999998
8463,0.7062499999999997
8464,0.6499999999999997
8465,0.5124999999999997
8466,0.7499999999999994
8467,0.9624999999999999
8468,0.23125000000000007
8469,0.6312499999999999
8470,0.5999999999999999
8471,0.6187499999999995
8472,0.20624999999999954
8473,0.4124999999999994
8474,0.5937499999999998
8475,0.5374999999999996
8476,0.5187499999999997
8477,0.46874999999999967
8478,0.3437499999999998
8479,0.5625
8480,0.13124999999999976
8481,0.42499999999999977
8482,0.5062499999999998
8483,0.09999999999999981
8484,0.7874999999999996
8485,0.3937499999999998
8486,0.5874999999999999
8487,0.4374999999999997
8488,0.34374999999999956
8489,0.5999999999999996
8490,0.5999999999999998
8491,-0.2375000000000005
8492,0.5937499999999998
8493,0.7749999999999999
8494,0.10624999999999962
8495,0.4562499999999996
8496,0.5874999999999997
8497,0.5187499999999997
8498,0.2062499999999995
8499,0.8687499999999997
8500,0.4625
8501,0.24374999999999958
8502,0.5249999999999999
8503,0.9499999999999998
8504,0.5874999999999997
8505,1.1437499999999998
8506,0.59375
8507,0.7124999999999997
8508,0.6874999999999996
8509,0.4499999999999997
8510,0.18749999999999956
8511,0.46874999999999944
8512,0.5749999999999997
8513,0.8312499999999996
8514,0.36874999999999963
8515,0.5812499999999996
8516,0.5437499999999998
8517,0.8249999999999995
8518,0.18749999999999983
8519,0.5999999999999996
8520,0.34374999999999944
8521,0.9437499999999996
8522,-0.2812500000000002
8523,0.6749999999999996
8524,-0.08125000000000027
8525,0.2062499999999997
8526,0.69375
8527,0.9499999999999996
8528,-0.1812500000000003
8529,0.60625
8530,0.45624999999999966
8531,0.2374999999999996
8532,0.48749999999999943
8533,0.4437499999999996
8534,0.2624999999999995
8535,0.8249999999999996
8536,0.1937499999999996
8537,-0.08125000000000049
8538,0.8374999999999995
8539,0.8125
8540,0.5249999999999998
8541,0.6874999999999998
8542,0.9874999999999992
8543,-0.07500000000000046
8544,0.34999999999999964
8545,0.8437499999999997
8546,0.3499999999999995
8547,0.6187499999999997
8548,0.36249999999999954
8549,0.28124999999999944
8550,0.20624999999999954
8551,0.3937499999999993
8552,0.2124999999999997
8553,0.8812499999999995
8554,0.40624999999999983
8555,0.7249999999999998
8556,0.22499999999999976
8557,0.7749999999999997
8558,0.91875
8559,0.95
8560,0.40625
8561,0.5999999999999996
8562,0.28124999999999967
8563,0.45624999999999954
8564,0.6312499999999998
8565,0.5437499999999997
8566,0.5187499999999995
8567,0.5187499999999998
8568,0.3187499999999997
8569,0.4687499999999996
8570,0.8062499999999995
8571,0.5374999999999999
8572,0.10624999999999962
8573,0.68125
8574,0.968749999999999
8575,0.6374999999999998
8576,0.4624999999999997
8577,0.2124999999999998
8578,0.2499999999999994
8579,0.6375
8580,0.4624999999999995
8581,0.08124999999999966
8582,0.2562499999999996
8583,0.7374999999999996
8584,0.21874999999999972
8585,0.6125
8586,1.04375
8587,-0.2687500000000002
8588,0.4812499999999997
8589,0.1187499999999998
8590,1.1062499999999993
8591,0.9249999999999999
8592,-0.29375000000000057
8593,0.6499999999999996
8594,0.22499999999999976
8595,0.6374999999999997
8596,-0.012500000000000455
8597,0.7874999999999999
8598,0.34999999999999964
8599,0.3937499999999994
8600,0.7937499999999997
8601,0.7812499999999997
8602,0.5062499999999999
8603,0.40625000000000017
8604,-0.2000000000000004
8605,0.4937499999999995
8606,0.7062499999999998
8607,0.3374999999999997
8608,0.24374999999999958
8609,0.23124999999999962
8610,0.2499999999999996
8611,0.0749999999999999
8612,0.5187499999999998
8613,0.06874999999999992
8614,0.15625
8615,0.80625
8616,0.9062499999999998
8617,0.7562499999999996
8618,0.7812499999999999
8619,0.9187499999999998
8620,0.3124999999999999
8621,0.5187499999999998
8622,0.2999999999999998
8623,0.8875000000000002
8624,0.9499999999999997
8625,0.44999999999999996
8626,0.2687499999999996
8627,0.2937499999999997
8628,0.8499999999999999
8629,0.07499999999999979
8630,0.2812499999999997
8631,0.13124999999999948
8632,-0.1250000000000006
8633,0.5874999999999999
8634,0.73125
8635,0.19999999999999968
8636,0.13124999999999998
8637,0.7812499999999998
8638,-0.1875000000000005
8639,0.08124999999999966
8640,0.5624999999999998
8641,0.6937499999999999
8642,0.7812499999999999
8643,0.9062499999999997
8644,0.2437499999999994
8645,0.32499999999999957
8646,0.34999999999999976
8647,0.5812499999999998
8648,0.006249999999999423
8649,0.4624999999999997
8650,0.3687499999999996
8651,0.7187499999999996
8652,0.36249999999999977
8653,0.43124999999999974
8654,0.84375
8655,-0.15000000000000047
8656,0.5562499999999997
8657,0.7124999999999998
8658,0.6374999999999996
8659,0.08124999999999971
8660,0.24999999999999956
8661,0.79375
8662,0.78125
8663,0.5812499999999996
8664,0.6812499999999999
8665,0.6062499999999995
8666,0.5874999999999997
8667,0.9562499999999998
8668,0.7874999999999999
8669,0.8249999999999995
8670,0.6562499999999998
8671,0.6999999999999995
8672,0.2499999999999996
8673,0.39374999999999943
8674,0.22499999999999964
8675,0.42499999999999977
8676,0.41249999999999953
8677,0.8249999999999998
8678,0.8624999999999996
8679,0.18124999999999963
8680,0.5874999999999992
8681,0.34374999999999967
8682,0.4312499999999999
8683,0.7999999999999998
8684,0.4437499999999998
8685,0.1687499999999999
8686,0.6374999999999995
8687,0.3062499999999996
8688,0.45624999999999966
8689,0.5812499999999998
8690,0.5687499999999992
8691,0.44999999999999946
8692,0.4624999999999995
8693,0.4812499999999996
8694,0.7062499999999998
8695,0.3749999999999997
8696,0.031249999999999667
8697,0.6812499999999996
8698,0.7187499999999996
8699,0.6999999999999996
8700,0.0999999999999997
8701,0.5874999999999995
8702,0.21249999999999974
8703,-0.11250000000000049
8704,0.29999999999999966
8705,0.5062499999999995
8706,0.4062499999999999
8707,0.2937499999999995
8708,0.49374999999999963
8709,0.27499999999999974
8710,0.7937499999999998
8711,-0.11250000000000032
8712,0.7
8713,0.6249999999999996
8714,0.33124999999999993
8715,1.0437499999999997
8716,0.7124999999999999
8717,-0.10625000000000007
8718,0.8562499999999997
8719,0.8874999999999995
8720,0.3937499999999998
8721,0.7937499999999997
8722,0.5687499999999996
8723,0.6187499999999997
8724,0.5187499999999997
8725,0.48749999999999993
8726,0.4625
8727,0.7062499999999994
8728,0.5812499999999996
8729,0.7062499999999994
8730,0.20624999999999977
8731,0.6625000000000001
8732,0.2874999999999997
8733,0.44999999999999984
8734,-0.018750000000000377
8735,0.4499999999999996
8736,0.4749999999999995
8737,0.8124999999999998
8738,0.5249999999999997
8739,0.11249999999999966
8740,0.22499999999999964
8741,0.5812499999999994
8742,-5.551115123125783e-16
8743,0.5375000000000001
8744,0.6312499999999999
8745,0.10624999999999973
8746,-0.5875000000000005
8747,0.6375
8748,0.3062499999999997
8749,0.16249999999999942
8750,0.6937499999999999
8751,0.8062499999999999
8752,-0.11875000000000047
8753,0.64375
8754,0.28749999999999976
8755,0.5687499999999998
8756,0.33749999999999997
8757,0.7124999999999999
8758,0.6187499999999997
8759,0.15624999999999956
8760,-0.17500000000000038
8761,0.16249999999999942
8762,0.5312499999999994
8763,0.3249999999999998
8764,-0.043750000000000455
8765,0.6999999999999997
8766,1.025
8767,0.5874999999999999
8768,0.5562499999999997
8769,0.3874999999999993
8770,0.37499999999999956
8771,0.1687499999999998
8772,0.5937499999999998
8773,0.7437499999999996
8774,0.4999999999999994
8775,0.4437499999999997
8776,0.1812499999999999
8777,0.04374999999999962
8778,0.2687499999999999
8779,0.31249999999999967
8780,0.3999999999999997
8781,0.85
8782,0.4562499999999996
8783,0.5937499999999994
8784,0.2249999999999996
8785,0.9375
8786,0.5374999999999996
8787,0.2874999999999999
8788,0.5812499999999997
8789,0.4874999999999997
8790,0.3187499999999997
8791,0.07499999999999957
8792,0.48124999999999984
8793,0.8062499999999996
8794,0.43749999999999967
8795,-0.07500000000000057
8796,0.7124999999999998
8797,0.6937499999999996
8798,0.3749999999999996
8799,0.6187499999999997
8800,0.4187499999999996
8801,0.16249999999999976
8802,0.38124999999999976
8803,0.7999999999999999
8804,0.5187499999999996
8805,0.16249999999999953
8806,0.9187500000000002
8807,0.6249999999999997
8808,-0.5062500000000002
8809,0.4562499999999997
8810,-0.04375000000000029
8811,0.3750000000000002
8812,-0.1687500000000004
8813,-0.037500000000000255
8814,0.2374999999999996
8815,0.6499999999999998
8816,1.0812499999999998
8817,0.9124999999999996
8818,0.3687499999999998
8819,0.7312500000000001
8820,0.8937499999999998
8821,0.7249999999999996
8822,0.5125
8823,0.29374999999999946
8824,0.5437499999999997
8825,0.3937499999999997
8826,0.3124999999999999
8827,0.1437499999999995
8828,-0.3687500000000005
8829,0.29374999999999984
8830,0.5687499999999996
8831,0.1874999999999996
8832,0.1937499999999998
8833,-0.07500000000000034
8834,0.8562499999999995
8835,0.21249999999999963
8836,0.8187499999999998
8837,0.6812499999999999
8838,0.4062499999999995
8839,1.1374999999999997
8840,0.5062500000000001
8841,0.6749999999999998
8842,0.4374999999999998
8843,0.09999999999999942
8844,0.26249999999999946
8845,0.4062499999999997
8846,-3.885780586188048e-16
8847,0.10624999999999934
8848,0.12499999999999956
8849,1.0499999999999998
8850,0.3499999999999995
8851,0.48124999999999957
8852,0.13124999999999942
8853,0.4124999999999995
8854,0.18124999999999963
8855,0.6624999999999996
8856,0.38124999999999937
8857,0.7625
8858,0.2937499999999995
8859,0.3187499999999999
8860,-0.08125000000000066
8861,0.8062500000000001
8862,-0.23750000000000038
8863,0.4312499999999998
8864,0.5874999999999998
8865,0.9312499999999998
8866,0.6374999999999996
8867,0.11249999999999966
8868,0.3624999999999995
8869,0.3937499999999996
8870,0.1249999999999995
8871,-0.3500000000000004
8872,-0.1812500000000002
8873,0.46249999999999974
8874,0.34374999999999967
8875,0.15624999999999922
8876,0.9562499999999998
8877,0.08124999999999999
8878,0.6874999999999996
8879,0.06249999999999961
8880,0.4812499999999996
8881,0.031249999999999556
8882,0.5562499999999998
8883,0.29374999999999996
8884,0.45624999999999993
8885,-0.20000000000000034
8886,0.5687499999999996
8887,0.06249999999999989
8888,0.1749999999999995
8889,0.4062499999999999
8890,0.6437499999999996
8891,0.95
8892,-0.06875000000000042
8893,0.8874999999999995
8894,0.13749999999999962
8895,0.07499999999999968
8896,1.3437499999999998
8897,1.3375
8898,0.5187499999999996
8899,0.6000000000000001
8900,0.3124999999999994
8901,-0.0937500000000005
8902,0.4812499999999996
8903,0.6124999999999998
8904,0.5312499999999998
8905,0.4062499999999999
8906,-0.19375000000000042
8907,0.1749999999999995
8908,0.31249999999999956
8909,0.4499999999999996
8910,0.32499999999999973
8911,0.8687499999999997
8912,0.31874999999999976
8913,0.0812499999999996
8914,0.44374999999999976
8915,0.7374999999999999
8916,0.6437499999999999
8917,0.02499999999999969
8918,0.25624999999999953
8919,0.5187499999999994
8920,0.4812499999999997
8921,0.6749999999999996
8922,0.46874999999999967
8923,0.5124999999999997
8924,0.6499999999999999
8925,0.1624999999999997
8926,0.22499999999999953
8927,0.1499999999999998
8928,0.9187499999999997
8929,0.24374999999999952
8930,0.02499999999999941
8931,0.24999999999999994
8932,0.3374999999999998
8933,0.8124999999999997
8934,0.8687499999999999
8935,0.3437499999999996
8936,0.8624999999999998
8937,0.2999999999999997
8938,0.7374999999999996
8939,0.47499999999999976
8940,0.07499999999999946
8941,0.7187499999999994
8942,0.7437499999999997
8943,0.4437499999999998
8944,0.44999999999999973
8945,0.031249999999999722
8946,0.7312499999999995
8947,0.44999999999999973
8948,0.4937499999999999
8949,0.5124999999999998
8950,0.11874999999999947
8951,0.7749999999999996
8952,0.9937499999999997
8953,0.7562499999999998
8954,0.675
8955,0.8062499999999997
8956,0.9749999999999996
8957,0.5124999999999995
8958,0.3499999999999997
8959,0.1749999999999997
8960,0.27499999999999963
8961,0.18124999999999974
8962,0.8124999999999998
8963,0.47500000000000003
8964,0.7374999999999999
8965,0.6687499999999997
8966,-0.5625000000000004
8967,0.4875
8968,-0.2562500000000006
8969,0.8874999999999996
8970,0.6937499999999999
8971,0.6999999999999997
8972,0.5062499999999998
8973,0.5437499999999998
8974,0.2499999999999996
8975,0.4562499999999995
8976,0.6499999999999997
8977,-0.3750000000000005
8978,0.3124999999999998
8979,-0.12500000000000022
8980,0.1374999999999994
8981,0.26249999999999957
8982,-0.2187500000000005
8983,0.1624999999999996
8984,0.42499999999999993
8985,0.2250000000000002
8986,0.23124999999999946
8987,0.25624999999999964
8988,0.4937499999999996
8989,0.56875
8990,-0.18750000000000067
8991,0.6187499999999998
8992,0.7249999999999996
8993,0.8624999999999996
8994,0.18749999999999972
8995,0.75
8996,1.18125
8997,0.4687499999999995
8998,0.7062499999999997
8999,0.19999999999999946
9000,0.6937499999999994
9001,0.39999999999999986
9002,1.025
9003,0.44999999999999984
9004,0.7437499999999996
9005,0.38124999999999976
9006,0.7437499999999996
9007,0.41874999999999984
9008,0.24374999999999958
9009,0.5187499999999996
9010,0.14374999999999954
9011,0.5812499999999998
9012,0.5124999999999997
9013,0.5312499999999998
9014,-0.09375000000000061
9015,0.29374999999999946
9016,0.4999999999999997
9017,-0.031250000000000555
9018,0.2999999999999998
9019,0.3999999999999998
9020,0.8437499999999998
9021,0.6249999999999996
9022,0.6249999999999996
9023,0.3499999999999998
9024,0.61875
9025,0.4687499999999997
9026,0.6437499999999998
9027,0.5687499999999996
9028,0.09999999999999976
9029,0.8937499999999998
9030,0.3437499999999997
9031,0.3625000000000002
9032,0.6062500000000001
9033,-0.018750000000000266
9034,0.5562499999999998
9035,0.12499999999999972
9036,0.3624999999999998
9037,0.32499999999999984
9038,0.012499999999999789
9039,0.19374999999999953
9040,0.8562499999999997
9041,0.1812499999999998
9042,0.8249999999999995
9043,0.29374999999999946
9044,0.8124999999999996
9045,0.925
9046,0.03749999999999987
9047,0.4937499999999995
9048,0.06249999999999939
9049,0.30624999999999947
9050,0.6187499999999997
9051,0.7812499999999998
9052,0.19999999999999984
9053,-0.04375000000000029
9054,0.7687499999999996
9055,-0.1562500000000004
9056,0.1312499999999996
9057,0.4312499999999996
9058,0.6000000000000003
9059,0.3374999999999997
9060,0.7187499999999997
9061,0.5749999999999997
9062,0.15624999999999967
9063,-0.03750000000000059
9064,0.35624999999999946
9065,0.33749999999999963
9066,0.18124999999999952
9067,0.6062499999999995
9068,0.26249999999999973
9069,0.31249999999999956
9070,0.43749999999999994
9071,-0.28125000000000044
9072,0.37499999999999967
9073,0.41874999999999946
9074,0.13124999999999964
9075,0.13749999999999996
9076,0.7874999999999999
9077,-0.05625000000000041
9078,0.14999999999999963
9079,0.43749999999999956
9080,0.5249999999999997
9081,0.7374999999999997
9082,0.5937499999999993
9083,0.6874999999999998
9084,0.6249999999999997
9085,-0.08125000000000004
9086,0.4749999999999996
9087,0.12499999999999983
9088,0.1499999999999998
9089,0.2937499999999997
9090,0.5312499999999998
9091,0.3624999999999997
9092,0.5249999999999997
9093,0.19999999999999984
9094,0.18749999999999956
9095,0.13749999999999957
9096,0.4874999999999997
9097,0.24999999999999944
9098,0.33124999999999966
9099,0.28124999999999967
9100,0.73125
9101,0.5437499999999997
9102,0.28749999999999964
9103,-0.3687500000000007
9104,0.3749999999999998
9105,0.3687499999999996
9106,0.7874999999999996
9107,0.2874999999999998
9108,0.26874999999999977
9109,0.3187499999999996
9110,0.5249999999999999
9111,0.6187499999999997
9112,0.23749999999999977
9113,0.4874999999999999
9114,0.2999999999999998
9115,0.26874999999999954
9116,1.16875
9117,0.10624999999999946
9118,0.8687499999999995
9119,0.5749999999999995
9120,0.5812499999999996
9121,0.14999999999999952
9122,0.0312499999999995
9123,-0.10625000000000012
9124,0.6749999999999998
9125,0.4875
9126,-0.10000000000000026
9127,0.2624999999999998
9128,0.43749999999999956
9129,0.03124999999999961
9130,1.0999999999999994
9131,0.7187499999999996
9132,0.07499999999999973
9133,-0.04375000000000029
9134,0.79375
9135,0.31874999999999937
9136,0.7374999999999999
9137,0.3624999999999999
9138,0.0999999999999997
9139,0.14374999999999966
9140,0.19999999999999962
9141,-0.38750000000000046
9142,0.5874999999999997
9143,0.14374999999999954
9144,0.4187499999999997
9145,0.6999999999999997
9146,0.5999999999999998
9147,-0.03750000000000081
9148,0.43124999999999974
9149,0.98125
9150,0.11874999999999963
9151,0.5062500000000001
9152,0.48124999999999996
9153,0.8875
9154,1.025
9155,0.49999999999999983
9156,0.9312499999999998
9157,0.5499999999999997
9158,0.11249999999999921
9159,0.48749999999999977
9160,-0.3375000000000006
9161,0.5125
9162,0.23124999999999996
9163,0.3062499999999997
9164,0.07499999999999946
9165,-0.2375000000000005
9166,0.86875
9167,0.5187499999999998
9168,0.2687499999999997
9169,1.1124999999999998
9170,0.5437499999999995
9171,0.3062499999999995
9172,0.2187499999999999
9173,0.2749999999999993
9174,0.6187499999999997
9175,0.64375
9176,1.0999999999999999
9177,0.3687499999999997
9178,0.18749999999999967
9179,0.9562499999999998
9180,-0.043750000000000455
9181,0.9187499999999998
9182,0.41874999999999996
9183,0.8687500000000002
9184,0.13749999999999968
9185,0.3874999999999998
9186,0.6062499999999997
9187,0.2937499999999998
9188,0.6562499999999999
9189,0.5562499999999998
9190,0.43749999999999983
9191,0.09999999999999964
9192,0.3062499999999995
9193,0.2687499999999997
9194,0.15625000000000017
9195,0.43749999999999967
9196,0.3374999999999993
9197,0.7124999999999998
9198,-0.08750000000000041
9199,0.49374999999999986
9200,0.2749999999999996
9201,0.04374999999999957
9202,0.14999999999999952
9203,-0.27500000000000047
9204,-0.0437500000000004
9205,0.4812499999999997
9206,0.6374999999999995
9207,0.23124999999999934
9208,-0.06875000000000048
9209,0.1687499999999999
9210,-0.10000000000000075
9211,0.46875
9212,-0.03125000000000039
9213,0.5187499999999997
9214,0.32499999999999984
9215,0.3687499999999995
9216,0.10624999999999951
9217,0.20624999999999966
9218,0.36874999999999974
9219,1.11875
9220,-0.2312500000000003
9221,0.4499999999999997
9222,0.11250000000000004
9223,0.825
9224,0.8812499999999999
9225,-0.056250000000000244
9226,0.6187499999999999
9227,0.24374999999999952
9228,1.1937499999999996
9229,-0.13125000000000042
9230,0.5062499999999996
9231,0.8499999999999996
9232,0.16874999999999968
9233,0.3562499999999998
9234,0.23124999999999957
9235,1.0
9236,0.5624999999999997
9237,0.47499999999999953
9238,0.4374999999999998
9239,0.5437499999999996
9240,0.14374999999999943
9241,0.5374999999999996
9242,-0.36250000000000054
9243,0.6624999999999996
9244,0.15624999999999967
9245,0.33124999999999977
9246,0.3562499999999996
9247,0.2187499999999999
9248,0.006249999999999922
9249,0.20624999999999993
9250,0.6499999999999997
9251,0.3937499999999993
9252,0.6124999999999996
9253,0.47499999999999964
9254,0.4062499999999996
9255,0.7812499999999996
9256,0.6874999999999998
9257,0.9874999999999998
9258,0.6937499999999996
9259,0.3374999999999997
9260,0.43124999999999974
9261,0.5187499999999998
9262,0.5187499999999999
9263,0.83125
9264,-0.05000000000000038
9265,0.5812499999999993
9266,-0.06250000000000011
9267,0.9249999999999997
9268,0.6749999999999996
9269,0.8937499999999999
9270,0.4062499999999996
9271,0.2687499999999996
9272,0.7249999999999995
9273,0.3062499999999996
9274,0.7312499999999995
9275,0.28749999999999937
9276,0.6874999999999996
9277,0.7749999999999996
9278,0.6874999999999998
9279,-0.18750000000000022
9280,0.31249999999999983
9281,0.4187499999999994
9282,0.23749999999999954
9283,0.9499999999999996
9284,0.5499999999999998
9285,0.46874999999999967
9286,0.31249999999999967
9287,0.8937499999999997
9288,0.6562499999999999
9289,0.4812499999999997
9290,0.40624999999999967
9291,0.39999999999999986
9292,1.0562499999999997
9293,0.6187499999999997
9294,0.7812499999999998
9295,0.3249999999999994
9296,0.6437499999999998
9297,0.5624999999999997
9298,1.0374999999999994
9299,0.9312499999999999
9300,-0.1437500000000005
9301,0.0062499999999997
9302,-0.07500000000000062
9303,0.7624999999999998
9304,0.5687499999999996
9305,0.58125
9306,0.3937499999999997
9307,0.10624999999999968
9308,0.48749999999999977
9309,0.40624999999999956
9310,0.9687499999999998
9311,1.0062499999999996
9312,0.3374999999999996
9313,-0.06250000000000039
9314,0.8374999999999998
9315,0.9937499999999999
9316,-0.03750000000000042
9317,0.4937499999999995
9318,0.5249999999999995
9319,0.5687499999999999
9320,-0.02500000000000041
9321,0.09999999999999998
9322,0.6749999999999998
9323,0.8874999999999994
9324,-0.08125000000000016
9325,0.9999999999999997
9326,0.9874999999999998
9327,1.1124999999999998
9328,-0.0500000000000006
9329,0.23749999999999982
9330,0.2874999999999998
9331,0.1749999999999995
9332,0.09999999999999953
9333,0.3687499999999997
9334,-0.03125000000000011
9335,0.46874999999999956
9336,0.5687499999999996
9337,0.9999999999999996
9338,0.6437499999999997
9339,0.91875
9340,0.8187499999999998
9341,0.4562499999999996
9342,0.4124999999999998
9343,1.1562499999999993
9344,0.45624999999999954
9345,0.2874999999999995
9346,0.6437499999999998
9347,0.2624999999999991
9348,0.5499999999999998
9349,0.48749999999999954
9350,0.6187499999999997
9351,0.5749999999999995
9352,0.5937499999999994
9353,0.6999999999999996
9354,0.7000000000000002
9355,0.3062499999999995
9356,0.33124999999999954
9357,0.16249999999999953
9358,0.39374999999999954
9359,0.3562499999999997
9360,0.42499999999999943
9361,0.6874999999999997
9362,0.38124999999999987
9363,0.3749999999999998
9364,0.39374999999999966
9365,0.6624999999999998
9366,0.4937499999999995
9367,0.5312499999999996
9368,0.6999999999999995
9369,0.03749999999999948
9370,0.4874999999999997
9371,0.24999999999999956
9372,0.7062499999999994
9373,0.10624999999999951
9374,0.7749999999999998
9375,0.21249999999999952
9376,0.3687499999999998
9377,0.4874999999999998
9378,0.4437499999999996
9379,0.5874999999999996
9380,0.5249999999999997
9381,0.6062499999999995
9382,0.14375
9383,0.35624999999999957
9384,0.5374999999999998
9385,0.13749999999999962
9386,0.5437499999999997
9387,0.5499999999999997
9388,0.5499999999999996
9389,-0.06250000000000061
9390,0.09374999999999967
9391,0.7374999999999996
9392,0.7562499999999998
9393,0.6812499999999994
9394,0.49374999999999974
9395,0.38124999999999964
9396,0.6937499999999995
9397,0.7187499999999998
9398,0.45624999999999977
9399,0.5812499999999997
9400,0.48749999999999966
9401,0.4437499999999995
9402,0.31875000000000003
9403,0.1812499999999994
9404,0.7874999999999994
9405,0.05624999999999947
9406,0.23124999999999973
9407,-0.5625000000000004
9408,0.3999999999999998
9409,0.7812499999999997
9410,0.8124999999999996
9411,0.4249999999999996
9412,0.4937499999999996
9413,0.8875
9414,0.3937499999999997
9415,0.23749999999999966
9416,0.5437499999999995
9417,0.16874999999999962
9418,0.4312499999999994
9419,0.49999999999999983
9420,0.5874999999999999
9421,0.9937499999999997
9422,-0.2312500000000005
9423,0.9874999999999994
9424,0.63125
9425,0.4687499999999998
9426,0.4374999999999996
9427,0.6749999999999997
9428,0.2499999999999996
9429,0.3749999999999998
9430,0.7749999999999997
9431,0.9437499999999999
9432,0.7437499999999996
9433,0.037499999999999534
9434,0.24374999999999947
9435,0.4812499999999997
9436,-0.04375000000000051
9437,0.6562499999999998
9438,0.28749999999999953
9439,0.2
9440,0.9312499999999998
9441,0.16874999999999962
9442,0.23124999999999946
9443,0.5562499999999998
9444,0.5187499999999994
9445,0.13124999999999992
9446,0.44999999999999934
9447,0.08124999999999954
9448,0.5312499999999996
9449,0.6249999999999993
9450,0.2124999999999993
9451,0.19374999999999948
9452,0.14374999999999954
9453,0.33124999999999966
9454,0.4499999999999995
9455,0.7624999999999993
9456,0.1812499999999997
9457,0.73125
9458,0.056249999999999356
9459,0.4999999999999995
9460,0.9062499999999996
9461,0.44374999999999987
9462,0.1937499999999992
9463,0.22499999999999948
9464,0.48749999999999954
9465,0.38124999999999964
9466,0.5562499999999995
9467,0.7187500000000001
9468,0.48749999999999966
9469,0.7624999999999995
9470,0.1062499999999994
9471,0.2624999999999994
9472,0.09374999999999989
9473,0.08124999999999954
9474,0.48749999999999977
9475,0.5562499999999997
9476,0.6687499999999998
9477,0.8374999999999996
9478,0.85
9479,0.043749999999999345
9480,0.4249999999999998
9481,0.06249999999999967
9482,0.3437499999999995
9483,0.7124999999999995
9484,0.0312499999999995
9485,0.2312499999999999
9486,0.41874999999999996
9487,0.6124999999999997
9488,0.4062499999999999
9489,0.2999999999999997
9490,0.7937499999999997
9491,0.6562499999999999
9492,0.012499999999999734
9493,0.775
9494,0.3999999999999996
9495,0.2124999999999998
9496,0.13124999999999953
9497,0.4375
9498,0.9062499999999997
9499,0.15624999999999978
9500,0.48124999999999984
9501,-0.1750000000000006
9502,0.5874999999999998
9503,0.27499999999999974
9504,0.8687499999999995
9505,0.4187499999999997
9506,0.4999999999999999
9507,0.6249999999999997
9508,0.5437499999999997
9509,0.8187499999999995
9510,0.11249999999999982
9511,0.75
9512,1.1187499999999997
9513,0.0187499999999996
9514,0.0687499999999997
9515,0.5312499999999997
9516,0.6437499999999998
9517,0.5187499999999995
9518,0.037499999999999756
9519,0.38749999999999973
9520,0.2812499999999995
9521,0.3312499999999996
9522,0.31249999999999944
9523,0.043749999999999456
9524,-0.03125000000000061
9525,0.5499999999999999
9526,0.5812499999999999
9527,0.35624999999999957
9528,0.4749999999999995
9529,0.26249999999999957
9530,1.1249999999999996
9531,0.1562499999999996
9532,0.5624999999999992
9533,0.1812499999999997
9534,0.6249999999999997
9535,0.5749999999999996
9536,0.23124999999999996
9537,0.2499999999999994
9538,0.49999999999999956
9539,0.7374999999999996
9540,1.1249999999999996
9541,0.16249999999999942
9542,0.79375
9543,0.7499999999999998
9544,0.5999999999999996
9545,0.6374999999999997
9546,0.5749999999999997
9547,0.3812499999999994
9548,0.3374999999999995
9549,0.5249999999999998
9550,0.25624999999999937
9551,0.4437499999999998
9552,0.3187499999999997
9553,0.2687499999999996
9554,0.39374999999999977
9555,0.38749999999999946
9556,0.4687499999999998
9557,0.5062499999999998
9558,0.7999999999999996
9559,0.6187499999999996
9560,0.34374999999999994
9561,0.8624999999999999
9562,0.7499999999999999
9563,0.5249999999999997
9564,0.2937499999999997
9565,0.39999999999999947
9566,0.5812499999999998
9567,0.4499999999999998
9568,0.32499999999999957
9569,0.9124999999999995
9570,0.3687499999999997
9571,0.37499999999999967
9572,0.7999999999999998
9573,0.5874999999999999
9574,0.05624999999999969
9575,0.9687499999999997
9576,-0.14375000000000066
9577,0.5812499999999998
9578,0.8687499999999997
9579,0.6374999999999997
9580,1.0249999999999995
9581,-0.21250000000000047
9582,0.4437499999999996
9583,0.8374999999999995
9584,0.1812499999999997
9585,0.3374999999999998
9586,1.1437499999999998
9587,0.5624999999999993
9588,0.46249999999999986
9589,0.6374999999999995
9590,0.7187499999999999
9591,-0.1375000000000005
9592,0.44374999999999937
9593,0.3374999999999995
9594,0.5437499999999997
9595,0.8687499999999997
9596,0.12499999999999956
9597,0.9687499999999996
9598,0.3999999999999996
9599,0.20624999999999977
9600,0.4437499999999995
9601,0.5249999999999995
9602,-0.6875000000000008
9603,0.36249999999999927
9604,0.0999999999999997
9605,0.16249999999999948
9606,0.39374999999999966
9607,-0.40000000000000036
9608,0.5312499999999997
9609,0.44374999999999976
9610,0.3437499999999995
9611,0.5062499999999995
9612,0.44374999999999964
9613,0.26249999999999973
9614,0.13124999999999987
9615,0.6562499999999996
9616,0.23124999999999973
9617,0.3499999999999996
9618,0.6624999999999999
9619,0.4062499999999998
9620,1.0187499999999996
9621,0.0812499999999996
9622,0.35
9623,0.16249999999999964
9624,0.5687499999999999
9625,0.4375
9626,0.48749999999999954
9627,0.1937499999999998
9628,0.2062499999999996
9629,0.06874999999999981
9630,0.3749999999999995
9631,0.29374999999999946
9632,0.4374999999999998
9633,0.3374999999999996
9634,0.3812499999999994
9635,0.24999999999999944
9636,0.7124999999999994
9637,0.51875
9638,0.14999999999999958
9639,0.8062499999999997
9640,0.2874999999999996
9641,-0.21875000000000044
9642,0.5749999999999995
9643,-0.15625000000000072
9644,-0.06250000000000028
9645,0.5499999999999998
9646,-0.14375000000000027
9647,0.12499999999999956
9648,0.14999999999999947
9649,0.7749999999999997
9650,0.3562499999999996
9651,0.03749999999999981
9652,-0.05000000000000043
9653,0.1937499999999996
9654,0.4562499999999994
9655,-0.42500000000000043
9656,0.2999999999999998
9657,0.8499999999999996
9658,0.19999999999999962
9659,0.3937499999999997
9660,0.1187499999999998
9661,0.825
9662,0.1374999999999995
9663,0.6187499999999998
9664,0.5437499999999995
9665,0.34374999999999967
9666,0.16249999999999976
9667,0.18124999999999974
9668,0.6187499999999995
9669,0.5937499999999997
9670,0.2749999999999997
9671,0.22499999999999987
9672,0.6749999999999997
9673,0.49374999999999986
9674,-0.1375000000000003
9675,0.5499999999999998
9676,1.1687500000000002
9677,0.5312499999999996
9678,0.6562499999999996
9679,0.44375000000000003
9680,0.22499999999999964
9681,0.5937499999999994
9682,0.9687499999999999
9683,0.25624999999999976
9684,0.3937499999999996
9685,1.15625
9686,0.49374999999999974
9687,0.44999999999999973
9688,-0.18750000000000017
9689,0.5624999999999997
9690,0.4437499999999998
9691,0.2999999999999997
9692,0.7249999999999996
9693,0.11874999999999969
9694,0.26249999999999946
9695,0.7124999999999998
9696,0.4124999999999997
9697,0.11874999999999947
9698,0.28124999999999967
9699,0.6437499999999998
9700,0.8874999999999996
9701,0.1374999999999994
9702,0.4874999999999997
9703,0.5562499999999998
9704,0.5062499999999999
9705,0.4937499999999998
9706,0.3937499999999997
9707,0.3374999999999996
9708,0.4999999999999998
9709,0.79375
9710,0.42499999999999977
9711,0.2812499999999996
9712,0.7437499999999997
9713,0.4062499999999995
9714,0.11249999999999954
9715,0.23124999999999973
9716,0.18124999999999963
9717,0.024999999999999634
9718,0.1937500000000001
9719,0.5624999999999998
9720,0.04999999999999999
9721,-0.050000000000000655
9722,0.6437499999999996
9723,-0.10000000000000059
9724,0.19374999999999976
9725,0.8499999999999999
9726,0.14999999999999974
9727,0.38749999999999957
9728,0.5312499999999998
9729,0.33124999999999943
9730,0.58125
9731,0.07499999999999957
9732,0.47499999999999976
9733,0.3437499999999995
9734,0.3874999999999994
9735,0.4687499999999999
9736,-0.15625000000000044
9737,0.5062499999999996
9738,0.8624999999999998
9739,0.7499999999999999
9740,-0.23125000000000034
9741,-0.13750000000000046
9742,0.6874999999999998
9743,0.44374999999999976
9744,0.22499999999999987
9745,0.8749999999999996
9746,0.6062499999999997
9747,0.6374999999999993
9748,0.18124999999999952
9749,0.5124999999999998
9750,0.45624999999999966
9751,0.28749999999999976
9752,0.6874999999999997
9753,0.2562499999999994
9754,0.09999999999999959
9755,0.3437499999999998
9756,0.11874999999999974
9757,0.7124999999999995
9758,0.26249999999999996
9759,0.43124999999999947
9760,0.037499999999999645
9761,0.9562499999999994
9762,0.27499999999999947
9763,0.44375
9764,0.1437499999999996
9765,0.7374999999999996
9766,0.13124999999999976
9767,0.1624999999999993
9768,0.5687499999999995
9769,0.7874999999999996
9770,0.39999999999999963
9771,0.46874999999999983
9772,0.6812499999999997
9773,0.13749999999999968
9774,0.3062499999999997
9775,0.7312499999999996
9776,0.8749999999999996
9777,0.7937499999999997
9778,0.4187499999999994
9779,0.10624999999999962
9780,-0.30625000000000036
9781,0.4999999999999996
9782,0.4937499999999998
9783,0.44999999999999973
9784,0.6187499999999999
9785,-0.06250000000000028
9786,0.5499999999999996
9787,0.0187499999999996
9788,0.7999999999999998
9789,1.3249999999999997
9790,0.6999999999999997
9791,0.44999999999999973
9792,-0.025000000000000522
9793,0.4374999999999999
9794,0.19374999999999976
9795,0.8124999999999999
9796,0.25624999999999964
9797,0.18124999999999974
9798,0.8749999999999999
9799,0.41249999999999976
9800,0.37499999999999944
9801,0.48749999999999966
9802,-0.1562500000000004
9803,0.7062499999999999
9804,0.19999999999999984
9805,0.19374999999999964
9806,0.8499999999999999
9807,0.18749999999999983
9808,0.5999999999999996
9809,0.5374999999999999
9810,0.8062499999999999
9811,0.9499999999999997
9812,0.5249999999999995
9813,0.6937499999999998
9814,0.6187499999999997
9815,0.7812499999999997
9816,0.5562499999999998
9817,0.41874999999999946
9818,0.4499999999999997
9819,0.8499999999999999
9820,0.7124999999999999
9821,0.90625
9822,0.13124999999999964
9823,0.4499999999999997
9824,0.6812499999999997
9825,0.5937499999999994
9826,0.1437499999999996
9827,0.6687499999999997
9828,0.2812499999999999
9829,0.5187499999999996
9830,-0.3375000000000006
9831,0.4437499999999998
9832,0.31874999999999976
9833,0.7374999999999998
9834,0.11249999999999999
9835,-0.10625000000000023
9836,0.6062499999999993
9837,0.4062499999999997
9838,0.2312499999999994
9839,1.0499999999999994
9840,0.3499999999999995
9841,0.4874999999999996
9842,0.8687499999999997
9843,0.79375
9844,0.6499999999999999
9845,0.3812499999999999
9846,-0.02500000000000041
9847,0.5312499999999997
9848,0.5624999999999997
9849,0.16874999999999962
9850,-0.1750000000000005
9851,0.39374999999999977
9852,0.5749999999999995
9853,0.16874999999999984
9854,0.4687499999999997
9855,0.7562499999999999
9856,1.1625000000000003
9857,0.49374999999999986
9858,0.06874999999999926
9859,0.15624999999999956
9860,0.5374999999999996
9861,0.7374999999999999
9862,-0.03750000000000048
9863,0.23124999999999973
9864,0.3249999999999998
9865,-0.2937500000000005
9866,0.15624999999999972
9867,0.9312499999999996
9868,0.7249999999999994
9869,0.5499999999999998
9870,0.5749999999999997
9871,0.031249999999999778
9872,0.42499999999999954
9873,0.4874999999999995
9874,0.7187499999999998
9875,0.11874999999999958
9876,0.4499999999999995
9877,0.06249999999999972
9878,-0.14375000000000032
9879,0.0687499999999997
9880,0.3125000000000001
9881,0.6624999999999998
9882,0.037499999999999756
9883,0.6562499999999998
9884,0.4249999999999998
9885,0.4374999999999998
9886,0.5312499999999996
9887,0.3999999999999996
9888,0.23124999999999957
9889,0.23749999999999954
9890,0.4374999999999995
9891,-0.28125000000000033
9892,0.4874999999999993
9893,0.4499999999999998
9894,0.0999999999999997
9895,0.5562499999999996
9896,0.9062499999999997
9897,0.4624999999999994
9898,0.6249999999999998
9899,0.2999999999999993
9900,0.49375
9901,0.09999999999999948
9902,0.4249999999999994
9903,0.4624999999999998
9904,0.6625
9905,0.7062499999999996
9906,0.60625
9907,0.38124999999999964
9908,0.006249999999999478
9909,0.2312499999999995
9910,0.6312499999999998
9911,0.4249999999999998
9912,0.10624999999999996
9913,0.7374999999999998
9914,0.3999999999999999
9915,0.5687499999999996
9916,0.7249999999999995
9917,0.8187499999999998
9918,0.6437499999999998
9919,0.6874999999999999
9920,0.41249999999999987
9921,0.4125
9922,0.41874999999999957
9923,0.43124999999999986
9924,0.006249999999999645
9925,0.3999999999999994
9926,0.5312499999999997
9927,0.36874999999999963
9928,0.04999999999999993
9929,0.3124999999999995
9930,0.21874999999999944
9931,0.44374999999999976
9932,-0.03750000000000053
9933,0.1312499999999997
9934,0.22499999999999953
9935,0.3500000000000002
9936,0.29374999999999934
9937,0.40624999999999956
9938,-0.13750000000000034
9939,0.6999999999999995
9940,0.7312500000000001
9941,0.18749999999999944
9942,0.30624999999999936
9943,0.6249999999999998
9944,0.6249999999999993
9945,-0.10000000000000014
9946,0.3937499999999996
9947,0.17499999999999932
9948,-0.056250000000000355
9949,-0.3375000000000004
9950,0.7500000000000002
9951,0.43749999999999933
9952,0.5374999999999996
9953,0.8249999999999998
9954,0.2437499999999998
9955,0.7437499999999996
9956,0.09999999999999953
9957,0.26249999999999973
9958,0.2249999999999993
9959,0.2124999999999998
9960,0.38749999999999973
9961,0.4249999999999996
9962,0.9187499999999996
9963,0.09374999999999972
9964,0.6625000000000002
9965,0.73125
9966,0.0937499999999995
9967,0.54375
9968,0.5749999999999995
9969,0.46874999999999983
9970,0.4812499999999999
9971,0.22499999999999942
9972,0.3062499999999993
9973,0.6562499999999998
9974,0.6124999999999994
9975,-0.16875000000000034
9976,0.38124999999999987
9977,-0.03750000000000042
9978,0.3999999999999995
9979,0.5624999999999998
9980,-0.14375000000000054
9981,0.09374999999999961
9982,0.5562499999999996
9983,0.43749999999999933
9984,0.26249999999999984
9985,0.73125
9986,0.9874999999999998
9987,-0.06250000000000039
9988,0.5124999999999995
9989,0.08749999999999974
9990,0.4562499999999996
9991,0.19999999999999973
9992,0.2187499999999994
9993,0.23749999999999943
9994,0.47500000000000003
9995,0.56875
9996,0.5249999999999997
9997,0.5999999999999996
9998,0.6749999999999998
9999,0.48124999999999984
10000,0.7812499999999999
